Venue_Name,Address,Format,Price
SPOT ON 60683 Rj Comforts SPOT,"Yadiyur, Bangalore",Attached Bathroom  CCTV Cameras  Power backup  (+ 1 more),490
Capital O 60419 Hotello Whitefield,"Whitefield, Bangalore",Not Available,1256
OYO 49073 Whitefield Comforts,"Whitefield, Bangalore",First Aid  Attached Bathroom  Daily Housekeeping  (+ 7 more),1375
SPOT ON 47596 Gayatri Comforts SPOT,"Yelahanka, Bangalore",Parking Facility  Attached Bathroom  Daily Housekeeping  (+ 4 more),436
OYO 49774 Rg Grand,"Basapura, Bangalore",Attached Bathroom  Card Payment  CCTV Cameras  (+ 5 more),774
SPOT ON 60227 Hotel Karthik Palace,"Airforce Post, Bangalore",First Aid  Buzzer/Door Bell  Attached Bathroom  (+ 7 more),704
SPOT ON 49767 Hotel Iskcon Suites,"Uttrahalli, Bangalore",First Aid  Daily Housekeeping  Banquet Hall  (+ 9 more),704
SPOT ON 60010 Royal Heritage Resort,"Pavagada Rural, Bangalore",Parking Facility  First Aid  Attached Bathroom  (+ 12 more),704
SPOT ON 60556 Udupi Residency SPOT,"Koramangala, Bangalore",Buzzer/Door Bell  Attached Bathroom  Daily Housekeeping  (+ 6 more),1731
OYO 49996 Jj Homestay,"Bengaluru, Bangalore",Attached Bathroom  Daily Housekeeping  CCTV Cameras  (+ 4 more),774
Capital O 46694 Paul's Inn,"Near Christ College, Bangalore",Daily Housekeeping  Card Payment  Power backup  (+ 11 more),1615
SPOT ON 49484 Jm Comfort,"Banshankari, Bangalore",First Aid  Buzzer/Door Bell  Attached Bathroom  (+ 7 more),704
OYO 48720 Ds Residency  Classic,"Nagavara, Bangalore",Attached Bathroom  Daily Housekeeping  CCTV Cameras  (+ 5 more),832
SPOT ON 60228 Hotel Shangrila SPOT,"Sampangi Rama Nagar, Bangalore",Not Available,846
Capital O 49932 Orchard Suites,"Guttahalli, Bangalore",First Aid  Daily Housekeeping  Refrigerator  (+ 15 more),1722
SPOT ON 39773 Pride Image,"Halagevaderahalli, Bangalore",Not Available,704
OYO 48950 Vaishali Residency,"Near Gas Power Grid, Medanahalli, Toyota Road, Bangalore",Parking Facility  First Aid  Buzzer/Door Bell  (+ 14 more),781
OYO 4797 Lulu Hospitality,"Near XLR8 Indoor Stadium, Kothanur, Bangalore",Parking Facility  Elevator  Complimentary Breakfast  (+ 9 more),811
OYO 22837 Chairmen's Hotel,"Talaghattapura, Bangalore",First Aid  Daily Housekeeping  Conference Room  (+ 19 more),811
OYO 2561 Hotel Resida Service Apartments,"Indiranagar, Bangalore",Complimentary Breakfast  AC  Card Payment  (+ 7 more),814
OYO 48302 Sky View Lodge,"Near Vivekananda Bus Stop, Above Axis Bank",Not Available,811
SPOT ON 49114 Airport Suites Saver,"Meenakunte Hosur, Bangalore",Attached Bathroom  Daily Housekeeping  CCTV Cameras  (+ 2 more),682
OYO 19559 Pavithra Paradise,"Near McDonald's, Basaveshwar Nagar, Bangalore",First Aid  Daily Housekeeping  Complimentary Breakfast  (+ 9 more),811
Capital O 9917 SJR Suites And Comforts,"Narayana Pura, Bangalore",Parking Facility  Kitchen  CCTV Cameras  (+ 11 more),919
OYO 33451 ACE INN,"Near Bolare, Bangalore",Parking Facility  Bar  Attached Bathroom  (+ 17 more),811
OYO 13523 Hotel Luxor The Budget Inn,"Near Thallasery Restaurant, Neeladri Road, Bangalore",Parking Facility  Elevator  AC  (+ 6 more),781
OYO 10521 GCK Suites,"Jayanagar, Bangalore",Elevator  Complimentary Breakfast  AC  (+ 7 more),811
OYO 10885 Hotel Keerthana International,"Suryanagar, Bangalore",Parking Facility  Kitchen  Bar  (+ 12 more),811
OYO 7096 Elite INN,"Near BSNL Exchange, Anekal Taluk, Bangalore",Parking Facility  CCTV Cameras  Geyser  (+ 9 more),811
Palette - Village Studio Resort Deluxe,"Nandi Hills Main Rd, Bangalore",First Aid  Daily Housekeeping  Conference Room  (+ 17 more),3208
OYO 3837 Confido Inn,"Near JP Nagar Metro Station, Kanakapura Road, Bangalore",Complimentary Veg Breakfast  CCTV Cameras  Geyser  (+ 10 more),899
OYO 25121 Bns Lodge,"Near Gandhi Bazaar, Main Road, Bangalore",First Aid  Elevator  Complimentary Breakfast  (+ 12 more),907
OYO 4733 Champion Residency,"Near Yamaha Showroom, KR Puram, Bangalore",Parking Facility  CCTV Cameras  Geyser  (+ 7 more),811
OYO 9528 Hotel Midas Casita,"Behind Manyata Tech Park Gate No 5, Bangalore",Kitchen  AC  TV  (+ 5 more),820
Capital O 25030 D'brooks,"AECS Layout, Brookefield, Bangalore",First Aid  Daily Housekeeping  Conference Room  (+ 15 more),1579
OYO 12525 Aditya Inn,"Whitefield, Bangalore",Parking Facility  Elevator  Complimentary Breakfast  (+ 9 more),758
Palette - Shivas Galaxy Deluxe,"Sittigere Village Near Sadahalli Gate International Airport, Bangalore",First Aid  Daily Housekeeping  Conference Room  (+ 16 more),3799
Capital O 33450 Hotel La Prosperite,"Near Nano Hospital, Bannerghatta Road, Bangalore",First Aid  Conference Room  Elevator  (+ 15 more),1399
OYO 5150 Varcity s,"Sanjaynagar, Bangalore",Parking Facility  Complimentary Veg Breakfast  CCTV Cameras  (+ 7 more),811
OYO 37397 Hotel Dhruv Palace,"Near Corporation Bank, Navya Nagar, Bangalore",First Aid  Attached Bathroom  Daily Housekeeping  (+ 9 more),811
OYO 18372 Splenor Inn,"Electronic City, Bangalore",Parking Facility  CCTV Cameras  Geyser  (+ 8 more),811
Collection O 30084 Phase 1 Electronic City,"Electronic City, Doddathoguru, Bangalore",First Aid  Attached Bathroom  Daily Housekeeping  (+ 8 more),753
OYO 9959 Hotel Varcity Ruby,"Amarjyothi Layout, Domlur, Bangalore",Parking Facility  Complimentary Veg Breakfast  CCTV Cameras  (+ 8 more),1006
Capital O 46356 White Mg,"Ulsoor, Bangalore",Daily Housekeeping  Card Payment  Power backup  (+ 8 more),1347
OYO 16107 Rigel Residency,"Near Imperial Restaurant, Mysore Road, Bangalore",Elevator  AC  Card Payment  (+ 7 more),850
Collection O 49503 Moriz Boutique Hotel,"Munnekollal, Bangalore",First Aid  Daily Housekeeping  Conference Room  (+ 13 more),852
OYO 10379 Hotel Varcity Sapphire,"Dena Bank Colony, Armane Nagar, Bangalore",Parking Facility  Kitchen  CCTV Cameras  (+ 8 more),1250
Capital O 28398 Mysore Gate,"Near Nalanda theater, Mysore Road,Bangalore",Parking Facility  First Aid  Buzzer/Door Bell  (+ 18 more),1721
Capital O 19360 Sai Suites Inn,"Kanaka Nagar, Nagavara, Bangalore",First Aid  Daily Housekeeping  Elevator  (+ 16 more),942
OYO 23427 Ashrey Comforts,"Manipal County Rd, Bangalore",First Aid  Daily Housekeeping  Elevator  (+ 12 more),766
OYO 19670 Guru Grands,"Konankunte Cross Road, Kanakpura Road, Bangalore",Kitchen  Bar  CCTV Cameras  (+ 9 more),919
OYO 9419 Manu Residency,"Near Sai Baba Ashram Kadugodi, Banglore",Parking Facility  Elevator  AC  (+ 5 more),874
Capital O 40150 Y C Grand,", Bangalore",Parking Facility  Buzzer/Door Bell  Attached Bathroom  (+ 14 more),1210
Collection O 30073 Near Sarjapur Road,"Near Amrita School, Bangalore",Parking Facility  First Aid  Buzzer/Door Bell  (+ 10 more),1208
OYO 28067 Shree Comforts,"Near RNS motors, Bannerghatta Road, Bangalore",First Aid  Attached Bathroom  CCTV Cameras  (+ 9 more),766
OYO 19227 Hotel Classic Comfort,"JP Nagar Metro Station, JP Nagar, Bangalore",First Aid  Attached Bathroom  Daily Housekeeping  (+ 13 more),869
OYO 46668 Hotel Bliss,"Near Manyata Tech Park, Bangalore",Attached Bathroom  Daily Housekeeping  CCTV Cameras  (+ 7 more),781
Capital O 44375 Hazel Suites Deluxe,"Near Zion Hospitals, Bangalore",Daily Housekeeping  Card Payment  24/7 Checkin  (+ 8 more),1422
Capital O 47480 Crystal Castle,"Bengaluru, Bangalore",First Aid  Daily Housekeeping  Banquet Hall  (+ 11 more),1234
OYO Townhouse 047 Kanakpura Road,"Near Yelachenahalli Metro Station, Bangalore",Parking Facility  Kitchen  First Aid  (+ 15 more),1006
OYO 38420 Kanthraju Lodge & Restaurant,"Near Nelamangala, Bangalore",First Aid  Buzzer/Door Bell  Attached Bathroom  (+ 8 more),758
Collection O 30042 Melody Inn Whitefield,"Sterling Suites, Bangalore",Parking Facility  Kitchen  First Aid  (+ 13 more),1230
Capital O 15950 J K Residency,"KRPuram, Bangalore",CCTV Cameras  Geyser  Electric Kettle  (+ 7 more),1382
OYO Townhouse 88 Manyata Lake View,"Near Manyata Tech Park, Bangalore",Parking Facility  Kitchen  First Aid  (+ 11 more),917
OYO 16473 Ring View Hotels,"Devinagar, Bengaluru",Not Available,962
OYO 437 Hotel Vastav Comforts Inn,"HRBR Layout, Bangalore",Parking Facility  CCTV Cameras  Geyser  (+ 8 more),1586
OYO 10136 Hotel Central Suites,"Kaveri Layout, Bangalore",Kitchen  CCTV Cameras  Geyser  (+ 8 more),1006
OYO 490 Hotel Compact Maple Leaf,"Near Electronic City Wipro Gate, Bangalore",Elevator  Complimentary Breakfast  AC  (+ 8 more),1006
OYO 39950 Gold Inn,"Near Elements Mall, Bangalore",Complimentary Breakfast  First Aid  Buzzer/Door Bell  (+ 8 more),811
Capital O 11186 The Lark,"Near Hebbagodi Police Station, Hosur Road, Bommasandra",First Aid  Daily Housekeeping  Conference Room  (+ 21 more),1423
OYO Townhouse 071 Brookfield,"BEML Layout, Bangalore",Parking Facility  Kitchen  First Aid  (+ 15 more),1239
OYO 9633 Hotel Srinidhi Residency,"Near Kemp Fort Mall, Banglore",Elevator  Complimentary Breakfast  AC  (+ 6 more),1294
OYO 10480 Hotel PMR,"Whitefield, Bangalore",Parking Facility  Kitchen  CCTV Cameras  (+ 8 more),1006
SilverKey Executive Stays 19407 Padmanabhnagar,"Near Mega Mart, Bangalore",Attached Bathroom  Daily Housekeeping  CCTV Cameras  (+ 8 more),771
OYO 7846 Hotel The Prince Gardenia,"Uttarahalli Main Road, Bangalore",Parking Facility  CCTV Cameras  Geyser  (+ 5 more),811
OYO 10523 Spandana Residency,"Attibele, Banglore",Parking Facility  Kitchen  Bar  (+ 9 more),811
OYO 5898 Checkin Regency,"KR Puram, Bangalore",Parking Facility  Kitchen  CCTV Cameras  (+ 10 more),1006
OYO 1175 Hotel Uno In,"K H Road, Bangalore",Parking Facility  CCTV Cameras  Geyser  (+ 6 more),866
OYO 19695 Kaitlyns Hospitality,"Asha township, Doddagubbi Post Hennur Main Road",Complimentary Veg Breakfast  CCTV Cameras  Geyser  (+ 6 more),811
Capital O 16165 Cartier,"Marathahalli, Bangalore",Kitchen  CCTV Cameras  Conference Room  (+ 4 more),1776
Capital O 1435 Hotel Millennium Plaza,"Near Vimalalaya Hospital, Electronic City, Bangalore",Parking Facility  Kitchen  Bar  (+ 12 more),1292
OYO 19704 Sai Dham Comfort,"Bannerghatta main rd Beside Vijaya Bank, Bangalore",Parking Facility  CCTV Cameras  Elevator  (+ 5 more),781
OYO 18265 Golden Keys,"Uttarahalli kengeri main road, Bangalore",Parking Facility  Complimentary Veg Breakfast  CCTV Cameras  (+ 6 more),811
Collection O 40090 Vittala Comfort,"Near Mayura Bakery, Bangalore",Attached Bathroom  Daily Housekeeping  CCTV Cameras  (+ 12 more),987
SilverKey Executive Stays 35627 Galexia Hotel And Resorts,"Near Yelanka Airforce Base, Bangalore",Parking Facility  Kitchen  First Aid  (+ 10 more),1281
Capital O 23481 Rmv Savera Hotels,"Mathikere Extension, Devasandra Layout, Bangalore",First Aid  Daily Housekeeping  Elevator  (+ 14 more),1357
Collection O 19780 Basaweshwara Nagar Saver,"Basaveshwara nagar, Bangalore",Kitchen  First Aid  Attached Bathroom  (+ 13 more),750
OYO 10009 Hotel iOliten,"Silicon Town, 2nd phase, Electronic city, Bangalore",Parking Facility  Elevator  Kitchen  (+ 6 more),781
OYO 26155 El Cielo,"Banswadi, Bengaluru",Parking Facility  First Aid  Complimentary Veg Breakfast  (+ 15 more),1292
SPOT ON 48699 Hotel Pawan Sree Deluxe Lodge SPOT,"Gandhi Nagar, Bangalore",Attached Bathroom  CCTV Cameras  Fire-Extinguisher  (+ 3 more),597
SilverKey Executive Stays 46745 Opposite Vinayaka Apartments,"Hunasamaranahalli, Bangalore",Parking Facility  First Aid  Buzzer/Door Bell  (+ 13 more),670
Capital O 30599 Hotel Blue Spring,"Near Nithyotsava Wedding Hall, Bangalore",Parking Facility  First Aid  Buzzer/Door Bell  (+ 16 more),1006
OYO 26900 Royal Inn,"Near 14th Main Road, Rajaji Nagar, Bangalore",First Aid  Complimentary Veg Breakfast  Attached Bathroom  (+ 11 more),811
OYO 26197 Pride Suites,"Chinappa Layout, Mahadevapura, Bangalore",Kitchen  Complimentary Veg Breakfast  Attached Bathroom  (+ 10 more),986
Collection O 30115 Bannergatta Vega City Mall,"Near Sakhi Hospital, Bangalore",First Aid  Daily Housekeeping  Toaster  (+ 16 more),1001
OYO 13043 Sree Sai Suites,"Near SBI Bank, RT Nagar Main Road, Bangalore",Parking Facility  AC  Complimentary Veg Breakfast  (+ 4 more),811
OYO 14972 Hotel Ekaa,"Behind Kudlu Gate Bus Stand, Bangalore",Conference Room  Elevator  Complimentary Breakfast  (+ 15 more),1667
OYO 13941 Hotel Turista,"Near Central Silk board, BTM Layout, Bangalore",Kitchen  Complimentary Veg Breakfast  CCTV Cameras  (+ 8 more),811
OYO 9058 Neema Residency,"Near Forum Mall, Koramangala, Bangalore",Parking Facility  Kitchen  Complimentary Veg Breakfast  (+ 8 more),1208
OYO 22836 Hotel Amster Inn,"Near Nayandanahalli Metro Station, Bangalore",Complimentary Veg Breakfast  Attached Bathroom  Daily Housekeeping  (+ 14 more),1318
Collection O 49703 Vaishnavi Residency,"Kumaraswamy Layout, Bangalore",Parking Facility  First Aid  Attached Bathroom  (+ 15 more),855
OYO 9605 Hotel Golden Inn,"Near HKP Road, Shivaji Nagar, Bangalore",Elevator  Complimentary Breakfast  AC  (+ 5 more),905
OYO 23461 Champion Lotus,"Near IIFT, Vijayanagar, Bangalore",Daily Housekeeping  Elevator  Complimentary Breakfast  (+ 14 more),1684
Capital O 36137 Vihaari 24 Business Hotel,"Near Sherlock's Pub Kammnahalli, Bangalore",Parking Facility  Kitchen  First Aid  (+ 15 more),1422
OYO 539 Hotel Pearl Inn,"Koramangala, Bangalore",Parking Facility  Kitchen  CCTV Cameras  (+ 8 more),972
OYO Flagship 28787 Ashoka Pillar Road,"Near Cafe Coffee Day, 100 Feet Road, Bangalore",First Aid  Daily Housekeeping  Toaster  (+ 11 more),1006
OYO 13933 Varcity Pearl,"Bengaluru, Bangalore",Not Available,820
OYO 43279 Sri Raj Residency,"Near Krishnasamy Temple, Bangalore",First Aid  Buzzer/Door Bell  Attached Bathroom  (+ 10 more),1537
OYO 10534 Hotel Kanishka,"Gandhi Nagar, Bangalore",Parking Facility  Kitchen  CCTV Cameras  (+ 10 more),1006
OYO 19325 Balaji Comforts Saver,"HSR layout sector7, Bangalore",Parking Facility  First Aid  Attached Bathroom  (+ 9 more),730
Capital O 46423 Clove Boutique Hotel Rajaji Nagar,"Rajajinagar, Bangalore",Daily Housekeeping  Banquet Hall  Refrigerator  (+ 12 more),1454
Collection O 30015 Kanaka Grand Hebbal,"Vinayakanagar, Hebbal, Bangalore",Parking Facility  Kitchen  CCTV Cameras  (+ 7 more),1683
OYO 2605 Adyar Ananda Bhavan Hotel,"V.I.T. Cross, New Airport Road, Bangalore",Parking Facility  CCTV Cameras  Geyser  (+ 8 more),1508
OYO 436 Emirates Suites,"Near Forum Mall, Kaveri Layout, Bangalore",First Aid  Elevator  AC  (+ 11 more),1208
OYO 10010 R V Comforts,"Near Government PU College, M.V Extension, Bangalore",Complimentary Breakfast  AC  TV  (+ 5 more),811
OYO 7558 Galaxy Comfort Inn,"Shivaji Nagar, Bangalore",Elevator  Complimentary Breakfast  AC  (+ 5 more),1006
SilverKey Executive Stays 44127 Thumbay Comforts,"Tumkur, Bangalore",Free Wifi,796
OYO 4848 3 Square Inn,"Hennur Bellary Road, Bangalore",Parking Facility  Kitchen  CCTV Cameras  (+ 9 more),814
OYO 852 Kings 10,"R.T.Nagar, Bangalore",CCTV Cameras  Geyser  Elevator  (+ 6 more),1294
OYO 6823 Apartment Bellandur,"Bellandur, Bangalore",Elevator  Complimentary Breakfast  AC  (+ 6 more),1348
OYO Townhouse 098 Manyata Gate No 5,"Near Quicker Office, Bangalore",First Aid  Daily Housekeeping  Complimentary Breakfast  (+ 11 more),1006
Capital O 36457 Boulevard Madiwala,"Near Srinivasa Temple Road, Maruti Nagar, Bangalore",Kitchen  Buzzer/Door Bell  Attached Bathroom  (+ 17 more),1350
OYO Townhouse 106 Airport Road,"Near Kempegowda International Airport, Bangalore",First Aid  Daily Housekeeping  Toaster  (+ 15 more),2323
OYO 6145 The Hotel Nalanda,"Bommasandra, Bangalore",Kitchen  Bar  CCTV Cameras  (+ 9 more),850
OYO Townhouse 038 Banaswadi 100Ft Road,"Near NMPC Hospital, Banaswadi, Bangalore",Complimentary Breakfast  Parking Facility  In-house Restaurant  (+ 4 more),1569
OYO 4645 Span Suites,"Opposite Audi Showroom, Bangalore",Parking Facility  Kitchen  Complimentary Veg Breakfast  (+ 13 more),811
OYO 15818 Om Sai Residency,"Near Sapthagiri Engineering College, Bangalore",Complimentary Veg Breakfast  CCTV Cameras  Geyser  (+ 7 more),1574
OYO Townhouse 076 Hebbal,"Mariyannapalya, Dasarahalli, Bangalore",Parking Facility  Kitchen  First Aid  (+ 13 more),1006
OYO Townhouse 149 Brigade Techpark Hebbal,"Near Bhuvaneswari Nagar, Bangalore",Not Available,1006
OYO 10232 Hotel Ashberry,"I Block, Bangalore",Complimentary Veg Breakfast  CCTV Cameras  Geyser  (+ 6 more),865
OYO 14320 The Pride,"Rachenahalli Main Rd P & T Layout, Bangalore",Parking Facility  Kitchen  First Aid  (+ 18 more),811
Collection O 22550 Meridien Suites,"Near Marathahalli Bus Stop, Marathahalli, Bangalore",CCTV Cameras  Card Payment  Power backup  (+ 1 more),1208
OYO 11916 Varcity Plaza,"Near Cross Road, Maruti Nagar, Bangalore",Elevator  Complimentary Breakfast  AC  (+ 7 more),855
OYO 24093 Kp Suits,"Amarjyothi Layout, Bangalore",Kitchen  First Aid  Complimentary Veg Breakfast  (+ 14 more),1006
OYO 8846 Golden Amulya Deluxe,"Near IAF Post, Yelahanka, Bangalore",Elevator  Wheelchair Accessible  AC  (+ 12 more),1006
SPOT ON 29575 Hotel Surya International,"Near Reva University, Bangalore",First Aid  Buzzer/Door Bell  Attached Bathroom  (+ 8 more),927
OYO 11176 Hotel Tap Gold Crest,"Near Minerva Circle, Bangalore",Parking Facility  First Aid  Attached Bathroom  (+ 11 more),811
OYO 10363 Sri Balaji Guest House,"Near Bata, Wilson Garden, Bangalore",Parking Facility  Kitchen  Complimentary Veg Breakfast  (+ 9 more),811
OYO Townhouse 040 Global Village Tech Park,"Near BGS Hospital, RR Nagar, Bangalore",Parking Facility  Kitchen  CCTV Cameras  (+ 5 more),1006
Capital O 46693 7 Boulevard,"Karnataka 560075, Bangalore",In-house Restaurant  First Aid  Attached Bathroom  (+ 8 more),811
OYO Flagship 629 Bagmane Tech Park,"Near Ferns Paradise, Bangalore",Parking Facility  CCTV Cameras  Geyser  (+ 6 more),1651
OYO 2235 Oh My Rooms Indranagar,"Cambridge Layout, Ulsoor, Bangalore",Elevator  Complimentary Breakfast  Kitchen  (+ 7 more),1277
OYO Townhouse 121 Kormangala 5th Block,"Near Forum Mall, Bangalore",Kitchen  First Aid  Attached Bathroom  (+ 15 more),1239
OYO 5345 Hotel Sai Rennaissance,"Near Whitefield Railway Station, Kadugodi, Bangalore",Parking Facility  Kitchen  CCTV Cameras  (+ 9 more),920
OYO 14430 Sunshine Grand,"Near BBMP Park, Bangalore",Parking Facility  CCTV Cameras  Geyser  (+ 7 more),758
OYO 17247 Resside 11,"Near Byatrayanpura, Airport Road, Bangalore",Parking Facility  CCTV Cameras  Geyser  (+ 8 more),811
Capital O 13184 Savi International,"Opposite Rajiv Gandhi Cicle, Sheshadripuram, Bangalore",Parking Facility  First Aid  Attached Bathroom  (+ 15 more),1543
OYO 47003 Bangalore Days Hotel,"vidyaranyapura, Bangalore",Parking Facility  Attached Bathroom  Daily Housekeeping  (+ 8 more),781
OYO 12840 Sri Guru Residency,"Bidadi Railway Station, Bangalore",AC  TV  Complimentary Veg Breakfast  (+ 3 more),811
OYO 432 Hotel Victoria Heights,"Near St.Philomena's Hospital, Xavier Layout, Bangalore",CCTV Cameras  Geyser  Complimentary Breakfast  (+ 6 more),942
OYO 49293 Hotel White Walkers,"Teachers Colony, Kumaraswamy Layout, Bangalore",Attached Bathroom  Daily Housekeeping  CCTV Cameras  (+ 3 more),728
Capital O 35572 La Brook,"Near Brookfield Mall, Brookefield, Bangalore",Elevator  AC  Card Payment  (+ 10 more),1508
OYO 18936 Khushi Paradise,"RK Hegde Nagar, Bengaluru",CCTV Cameras  Card Payment  Power backup  (+ 1 more),766
Capital O 46966 Apollo 27 Deluxe,"Domlur, Bangalore",First Aid  Daily Housekeeping  Card Payment  (+ 20 more),1678
OYO Townhouse 077 RNS Engineering College,"Near Sai Lotus Layout,Bangalore,",Parking Facility  Kitchen  First Aid  (+ 15 more),1006
OYO 16405 Rg Residency,"Hesarghatta Main Road, Bangalore",CCTV Cameras  Geyser  Complimentary Breakfast  (+ 6 more),811
OYO 49087 SG Comforts,"Navya Nagar Road, Jakkur, Bangalore",Parking Facility  First Aid  Attached Bathroom  (+ 9 more),728
OYO 8799 Urs Palace,"Rajaji Nagar, Bangalore",Parking Facility  CCTV Cameras  Geyser  (+ 8 more),865
OYO 24850 Stay Zone,"Vignan Nagar, Bangalore",Attached Bathroom  CCTV Cameras  Fire-Extinguisher  (+ 7 more),850
OYO 11097 Hotel Grand Arabian,"Dr.Ambedkar Nagar, Yeshwanthpur, Bangalore",AC  TV  Card Payment  (+ 4 more),847
OYO Townhouse 078 Dodda Banaswadi,"Lakshmamma Layout, Bangalore",First Aid  Daily Housekeeping  Complimentary Breakfast  (+ 15 more),1473
OYO 12543 Maple Tree,"Next to Cafe Coffee Day, HBR Layout, Bangalore",Elevator  Complimentary Breakfast  Kitchen  (+ 7 more),811
Collection O 42670 Grand Continent,"Near Mini Forest, Bangalore",AC  TV  Free Wifi,1331
OYO 8739 Melody Inn Bellandur,"Bellandur, Bangalore",Parking Facility  Kitchen  CCTV Cameras  (+ 8 more),2169
OYO 26817 Gks Residency,"BTM Layout 2nd Stage, Bangalore",First Aid  Attached Bathroom  CCTV Cameras  (+ 10 more),811
OYO 45574 Prakruthi Paradise,"Bengaluru, Bangalore",Parking Facility  Buzzer/Door Bell  Complimentary Veg Breakfast  (+ 14 more),850
Collection O 30096 Tin factory,"Near  1st Cross Road, Jyothi Puram, Bangalore",First Aid  Daily Housekeeping  Refrigerator  (+ 13 more),1006
OYO 17136 Hotel Chinmayee Inn,"Electronic City, Bangalore",Parking Facility  AC  TV  (+ 4 more),766
OYO 22490 Hotel Paradise Inn,"Marathahalli, Bangalore",Kitchen  Complimentary Veg Breakfast  Attached Bathroom  (+ 14 more),994
OYO 10346 The Himalayan Inn,"Near Indiranagar Metro Station, Bangalore",Complimentary Veg Breakfast  CCTV Cameras  Geyser  (+ 8 more),1711
OYO 27065 Eden Au Lac,"Near Indiranagar Police Station, Indiranagar, Bangalore",First Aid  Daily Housekeeping  Elevator  (+ 17 more),1560
OYO 15269 Surya Inn Saver,"Near Decathlon, Bangalore",Parking Facility  AC  TV  (+ 6 more),730
OYO 40331 Frontier Management Centre,"Near Ayurvaid Hospital, Bangalore",Parking Facility  First Aid  Attached Bathroom  (+ 13 more),811
OYO 36277 Sri Durga Comforts,"Airforce School, Murgesh Pallya, Bangalore",Daily Housekeeping  Card Payment  Power backup  (+ 8 more),917
OYO 2323 GS Suites,"Opposite Forum Mall,Thavarekere Main Road, Bangalore",Elevator  Complimentary Breakfast  Wheelchair Accessible  (+ 7 more),883
OYO 3175 Pluspoint Suites,"Near Hyper Mall, Harlur Road, Bangalore",Parking Facility  Kitchen  CCTV Cameras  (+ 11 more),1240
OYO 10395 Dvaraka Inn,"Near Manyata Tech Park, Bangalore",First Aid  Daily Housekeeping  Complimentary Breakfast  (+ 11 more),811
OYO 10884 Pavana Residency,"Near Bangalore City Railway Station, Bangalore",Complimentary Breakfast  AC  TV  (+ 5 more),998
OYO 649 Hotel Ajantha Trinity Inn,"Swami Vivekananda Road, Bangalore",Parking Facility  Complimentary Veg Breakfast  CCTV Cameras  (+ 7 more),1331
OYO 14397 Varcity Phi Pavilion,"Near Market Square Mall, Madiwala, Bangalore",First Aid  Buzzer/Door Bell  Attached Bathroom  (+ 13 more),811
Collection O 30011 ITPL Hope Farm,"Hill Side Layout, Inner Valley, Bangalore",In-house Restaurant  Kitchen  Card Payment  (+ 3 more),1450
OYO 11915 Varcity Park,"Maruti Nagar, Bangalore",Elevator  Complimentary Breakfast  AC  (+ 7 more),855
Capital O 36472 Hotel Raj Vista Suites,"Besides NRR Hospital, Jalahalli West, Banglore",Parking Facility  First Aid  Attached Bathroom  (+ 16 more),1508
OYO 9247 Hotel Samrudhi Park,"Behind Genpact, Electronic City, Bangalore",Parking Facility  Kitchen  Bar  (+ 9 more),781
OYO 10475 PMR Hotel,"Whitefield, Bangalore",Parking Facility  Elevator  AC  (+ 6 more),927
Collection O 30018 Ramee Strand Electronic City,"Near Singasandra, Bangalore",Kitchen  CCTV Cameras  Conference Room  (+ 7 more),2411
Capital O 1309 Anandsagar Inn,"Netkalappa Circle Basavanagudi, Bangalore",Daily Housekeeping  Elevator  AC  (+ 16 more),1294
OYO 9151 Hotel Sri Sai Comforts,"Jayanagar 7th Block, Bangalore",Elevator  AC  Banquet Hall  (+ 3 more),928
OYO 41101 Kv Comforts,"Near JCB Industries, Bangalore",First Aid  24/7 Checkin  Power backup  (+ 6 more),811
Capital O 5379 The Roy Grand Inns,"AVS Layout, Koramangala, Bangalore",First Aid  Attached Bathroom  Daily Housekeeping  (+ 13 more),1208
OYO 29620 New Champion Residency,"Near Old Madras Road, KR Puram, Bangalore",Parking Facility  Attached Bathroom  Daily Housekeeping  (+ 12 more),811
OYO 13595 VT Residency,"Sudhama Nagar, Bangalore",Elevator  Complimentary Breakfast  AC  (+ 8 more),859
OYO 9653 Ample Premium Suites,"Near Yelahanka Airforce Base, Bangalore",Kitchen  First Aid  Buzzer/Door Bell  (+ 11 more),766
OYO 27798 Hotel Cosmopolitan,"Near Bengaluru Airport,Bangalore",Parking Facility  Attached Bathroom  Daily Housekeeping  (+ 8 more),1208
Capital O 11959 Seven Olives,"Bommanahalli, Bengaluru",Parking Facility  Kitchen  CCTV Cameras  (+ 11 more),1483
OYO Flagship 475 Marathahalli Innovative Multiplex,"Near SBR Palace, Bangalore",Elevator  Wheelchair Accessible  AC  (+ 6 more),1501
OYO 35680 R G Comforts,"Near Vijaya Nagar, Bangalore",First Aid  Buzzer/Door Bell  Complimentary Veg Breakfast  (+ 13 more),811
OYO 10450 Breeze inn,"BTM Layout, Bengaluru",Complimentary Veg Breakfast  CCTV Cameras  Geyser  (+ 9 more),1006
OYO 18680 Olivia Comforts,"Near Eat Street, Kormangala, Bangalore",Buzzer/Door Bell  Attached Bathroom  CCTV Cameras  (+ 8 more),919
OYO 13024 Ample Mint,"Opposite Corporation Bank, Bangalore",Complimentary Veg Breakfast  CCTV Cameras  AC  (+ 4 more),1006
OYO Home 45373 Spacious Studio Manyata Business Park,"Rachenahalli, Thanisandra, Bengaluru",Kitchen  CCTV Cameras  Geyser  (+ 3 more),703
OYO Townhouse 042 Urvashi Theatre,"Diagonally Opp to Urvashi Theater , Bangalore",Elevator  Complimentary Breakfast  DTH  (+ 8 more),1399
OYO 872 West Park Hotel,"Tasker Town, Bangalore",First Aid  Attached Bathroom  CCTV Cameras  (+ 11 more),1286
OYO 13021 Park Palace,"Near Ayappa Temple Madiwala, Bangalore",CCTV Cameras  Geyser  Elevator  (+ 7 more),811
OYO 24130 Surya Comforts,"Virgonagar, Bengaluru",Parking Facility  First Aid  Attached Bathroom  (+ 11 more),781
OYO 22940 Sri Durga Residency,"Near Vidyaranyapura Main Road, Bangalore",Kitchen  First Aid  Attached Bathroom  (+ 11 more),766
OYO 47870 Grand Comforts,"Bennigana Halli, Bangalore",Not Available,1006
OYO 22407 Golden Sands Classic,"Near Oasis Mall, Srinivagalu, Bangalore",Complimentary Veg Breakfast,2077
Capital O 46904 Surya Lotus,"Jakku, Bangalore",Parking Facility  First Aid  Buzzer/Door Bell  (+ 11 more),781
OYO 28119 Omkar Global Inn,"Near Utthrahali Kengeri Main Road, Bangalore",First Aid  Buzzer/Door Bell  Attached Bathroom  (+ 10 more),781
OYO 13901 Vishal Residency,"Yeshwanthpur, Bangalore",Complimentary Veg Breakfast  CCTV Cameras  Geyser  (+ 5 more),811
Collection O 30088 Jayanagar,"Near Sagar Hospitals, Bangalore",Parking Facility  Kitchen  First Aid  (+ 12 more),1006
SilverKey Executive Stays 19493 Manyata Tech Park,"Chanakya Layout, Nagavara, Bangalore",Kitchen  Attached Bathroom  CCTV Cameras  (+ 9 more),904
Capital O 18788 Phoenix Hotel & Resort,"Near IMA Jewels, Shivaji Nagar, Bangalore",Parking Facility  Kitchen  CCTV Cameras  (+ 9 more),1784
OYO 9016 Charu Comforts,"Near Adinarayana Swami Temple, Bangalore",Elevator  Complimentary Breakfast  AC  (+ 4 more),835
SilverKey Executive Stays 42938 Victorian Comforts,"Near Hyderabadi Biriyani Road, Bangalore",First Aid  Daily Housekeeping  Toaster  (+ 12 more),969
OYO 19846 Metro Residency,"Attibelle, Bangalore",Parking Facility  First Aid  Complimentary Veg Breakfast  (+ 11 more),811
OYO 4691 Sai Comforts,"Mathikere, Bangalore",Elevator  Complimentary Breakfast  AC  (+ 6 more),919
OYO 39837 Sri Anjaneya Residency,"Shimoga, Bangalore",Parking Facility  First Aid  Attached Bathroom  (+ 11 more),781
OYO 10821 Sree Balaji Residency,"Agrahara Dasarahalli, Rajaji Nagar, Bangalore",Elevator  Complimentary Breakfast  Wheelchair Accessible  (+ 8 more),811
OYO 5641 Hotel Corporate Park Inn,"Jaladarshini Layout, New bel road, Bangalore",Complimentary Veg Breakfast  CCTV Cameras  Geyser  (+ 7 more),865
OYO 45125 Banashankari Comforts,"Ganganagar, Bangalore",Daily Housekeeping  Power backup  24/7 Checkin  (+ 4 more),850
OYO 4439 Aura Inn,"Prakash Nagar, Bangalore",Kitchen  CCTV Cameras  Geyser  (+ 9 more),1289
OYO 9060 Sri Sai Guest Inn,"Near Big Bazar, Panduranga Nagar, Bangalore",Parking Facility  Elevator  AC  (+ 6 more),874
OYO Flagship 15444 Manasa Electronic City,"Near Electronics City Phase 1, Bangalore",Parking Facility  Kitchen  CCTV Cameras  (+ 5 more),1208
OYO 10522 Varcity Emerald,"KEB Colony, BTM Layout 1, Bangalore",Attached Bathroom  Daily Housekeeping  CCTV Cameras  (+ 11 more),855
OYO 29638 Gmr 18 Hotel,"Near JSS Public School, Bangalore",Parking Facility  First Aid  Buzzer/Door Bell  (+ 12 more),1208
OYO 7669 The Trinitywood Hotel,"Near Lido Mall, M.G Road, Banglore",Parking Facility  Kitchen  Bar  (+ 11 more),1920
OYO Townhouse 108 Reva College University,"Near Reva College, Bangalore",Parking Facility  Kitchen  First Aid  (+ 13 more),1006
OYO 17373 Ssv Hotel,"Near Santhe Gate,  Hokote, Bangalore",AC  Banquet Hall  Card Payment  (+ 10 more),766
OYO Townhouse 104 Koramangala Maharaja Signal,"Near Sony World Store, Friends Colony, Bangalore",First Aid  Daily Housekeeping  Complimentary Breakfast  (+ 14 more),1523
OYO 9018 Abhimaan Residency,"Near MGA Hospital, Varthur Main Road, Bangalore",Complimentary Veg Breakfast  CCTV Cameras  Geyser  (+ 5 more),1006
OYO 12761 High Street,"Near Safina Plaza, Bangalore",Parking Facility  Complimentary Veg Breakfast  CCTV Cameras  (+ 8 more),1722
Capital O 1078 Royal Serenity,"Behind Bhima Jewellery, Kalyan Nagar, Bangalore",First Aid  Elevator  AC  (+ 11 more),1294
OYO 16990 Pratham Presidency,"New Airport road, Bangalore",CCTV Cameras  Geyser  Elevator  (+ 7 more),838
OYO 41938 Hotel Tibet Deluxe,"Near Tibet Mall, Bangalore",Parking Facility  Attached Bathroom  Daily Housekeeping  (+ 9 more),832
OYO 10321 Koramangala,"BTM Layout, Bangalore",Complimentary Breakfast  AC  TV  (+ 5 more),811
OYO 4252 Hotel Pleasant Moments Deluxe,"Kormangala 4th block, Bangalore",Parking Facility  AC  TV  (+ 4 more),847
OYO 16514 Ivory Pearl,"Madiwala, Bangalore",Parking Facility  Complimentary Veg Breakfast  CCTV Cameras  (+ 10 more),811
OYO 25036 Suraksha Residency,"Near 6th Cross Road, Gandhi Nagar, Bangalore",First Aid  Elevator  Complimentary Breakfast  (+ 11 more),1208
OYO 24259 Hotel Blue Inn,"Near Jayadeva Hospital, Bangalore",First Aid  Complimentary Veg Breakfast  Attached Bathroom  (+ 11 more),892
OYO 27839 Manyata Suites,"Near HKBK College, Manyata Tech Park, Bangalore",Kitchen  First Aid  Complimentary Veg Breakfast  (+ 14 more),1374
OYO 23046 New Aishwarya Comforts,"Ramaya Hospital, KGE Layout, Bangalore",First Aid  Daily Housekeeping  Elevator  (+ 13 more),907
OYO 13029 Hotel Bestend,"Near Jamia Masjid, Kalasipalaya, Bangalore",Complimentary Veg Breakfast  CCTV Cameras  Elevator  (+ 6 more),888
OYO 9925 The Ocea International,"Near St.Joseph's College of Commerce, Bangalore",Parking Facility  CCTV Cameras  Geyser  (+ 8 more),1508
OYO 49038 Schmear Heights Saver,"HBR Layout, Bangalore",Buzzer/Door Bell  Attached Bathroom  Daily Housekeeping  (+ 7 more),694
Collection O 30051 BTM Layout,"BTM Layout, Bangalore",Parking Facility  First Aid  Attached Bathroom  (+ 12 more),1323
OYO 29293 Athithi Comforts,"Near Happy Home shopping mall, Banglore",Attached Bathroom  Daily Housekeeping  CCTV Cameras  (+ 8 more),781
OYO 8385 Udupi Inn,"Bombay Dyeing Road, Bangalore",Elevator  Complimentary Breakfast  AC  (+ 5 more),1737
SilverKey Executive Stays 30377 Siri Square,"Near Sri Manjunatha Medicals, Bangalore",Parking Facility  Kitchen  First Aid  (+ 15 more),1006
OYO Townhouse 019 Jayanagar,"Near 4th Block Jayanagar, Bangalore",CCTV Cameras  Geyser  Elevator  (+ 6 more),1860
OYO 15695 Varcity Comforts,"BTM Layout, Bangalore",Elevator  Complimentary Breakfast  AC  (+ 7 more),850
OYO 16744 Live Inn Castle,"Thavarekere Main Road, Bangalore",Elevator  Complimentary Breakfast  Wheelchair Accessible  (+ 8 more),1006
OYO 37517 Withinn Hotel,"Near NIAS, Mathikere Extension, Bangalore",Daily Housekeeping  Elevator  AC  (+ 11 more),919
OYO 16661 E Foods,"Bommasandra Industrial Area, Bangalore",Kitchen  CCTV Cameras  Geyser  (+ 6 more),766
OYO 4290 Silicon Suits,"Near Jyothi Niwas Bus Stop, Koramangala, Bangalore",Kitchen  Complimentary Veg Breakfast  CCTV Cameras  (+ 7 more),972
OYO 431 Hotel Maple In,"Near Barista Coffee Bar, Koramangala, Bangalore",Parking Facility  Complimentary Breakfast  Elevator  (+ 5 more),850
OYO 44601 Akthar Comforts,"Begur, Bangalore",Parking Facility  Attached Bathroom  Daily Housekeeping  (+ 7 more),811
Capital O 19719 Aaccord Hotel,"BTM Layout, Bangalore",Not Available,1963
OYO Home 41705 Elegant Stay Ramamurthy Nagar,"Near Shree Lakshmi Theatre, Govindpura, Bangalore",Kitchen  CCTV Cameras  Geyser  (+ 4 more),938
Collection O 30023 De Oriell Kormangala,"Koramangala, Bangalore",Parking Facility  Kitchen  First Aid  (+ 13 more),1389
OYO 8476 Garden Comfort,"Near Wilson Garden, Bangalore",Parking Facility  CCTV Cameras  Geyser  (+ 7 more),889
OYO 23440 Hotel Mcc Paradise,"Near Venkateswara Petrol Pump, Hosur",First Aid  Complimentary Breakfast  AC  (+ 14 more),3296
OYO 44065 Sri Krishna Nilaya,"111/2. New Channasandra extn. (Kalappa Badavane) 6th cross PVS Convent Road Kadugodi post, Bangalore",Parking Facility  First Aid  Attached Bathroom  (+ 14 more),811
OYO 11092 Shiv Enclave,"Near Manayata tech Park Nagavara, Banglore",Parking Facility  Kitchen  Complimentary Veg Breakfast  (+ 10 more),811
OYO 24573 Eyrie Comforts,"Near BDA Complex, Koramangala, Bangalore",Parking Facility  Kitchen  First Aid  (+ 11 more),1536
OYO 5683 Sri Sai Suites,"Bannerghatta road, Bangalore",Parking Facility  CCTV Cameras  Elevator  (+ 6 more),928
OYO 15358 Hotel Townhall,"Near Shivaji Theatre, Bangalore",Parking Facility  Complimentary Veg Breakfast  CCTV Cameras  (+ 7 more),811
SilverKey Executive Stays 44663 R Stay Inn Saver,"new international Airport road, Bangalore",First Aid  Daily Housekeeping  Refrigerator  (+ 9 more),600
OYO 29346 Vijay Residency,"Opposite Omkareshwara Temple, BTM Layout, Bangalore",Attached Bathroom  Daily Housekeeping  CCTV Cameras  (+ 11 more),811
OYO 16987 Sai Suites,"Ganganagar , Bangalore",Complimentary Breakfast  AC  TV  (+ 5 more),866
OYO Home 36484 Luxurious Stay Banaswadi,"Munireddy Layout, Banaswadi, Bengaluru",Kitchen  Attached Bathroom  Step Free Access  (+ 5 more),892
OYO Flagship 29560 BGS Gleneagles Global Hospital,"Near Reflex Housing Layout, Bangalore",Parking Facility  Kitchen  First Aid  (+ 11 more),745
Collection O 150 1st Cross Road Cottonpet,"Near Cottonpete Cross, Bangalore",Kitchen  Attached Bathroom  Daily Housekeeping  (+ 13 more),873
OYO Home 30639 Spacious Stay J P Nagar,"J. P. Nagar, Bengaluru",Attached Bathroom  Daily Housekeeping  CCTV Cameras  (+ 6 more),817
OYO 23627 Grand Residency,"Near Treat Restaurant, Grameena Bank, Bengaluru",First Aid  Elevator  Complimentary Breakfast  (+ 16 more),811
OYO 11730 Maruthi Global,"Near Global Village Tech Park Back Gate, Bangalore",Elevator  AC  TV  (+ 5 more),781
OYO 13670 Skylark Service Apartment,"Cheleker Outer Ring Road, HRBR Layout, Bangalore",Complimentary Veg Breakfast  CCTV Cameras  Geyser  (+ 6 more),972
Collection O 30061 Koramangala Wipro Signal,"16th Main Rd, Koramangala 4th Block, Koramangala, Bengaluru, Karnataka 560034",Kitchen  First Aid  Attached Bathroom  (+ 13 more),1688
OYO 37297 Bheemudu Inn,"Near Prashant Hospital, Bangalore",First Aid  Elevator  Complimentary Breakfast  (+ 16 more),1006
OYO 14796 Hiland Suites,"Sheshadripuram, Bangalore",Parking Facility  Complimentary Veg Breakfast  CCTV Cameras  (+ 8 more),1294
OYO 581 Serene Grove,"Near SGR Dental College Road, Munnekolala, Bangalore",Parking Facility  Kitchen  CCTV Cameras  (+ 10 more),1393
Collection O 30067 Indiranagar,"Near Halasuru Metro Station, Bangalore",Parking Facility  Kitchen  CCTV Cameras  (+ 5 more),1517
OYO 10022 Hotel Oak Castle,"HBR layout, Bangalore",Parking Facility  Complimentary Breakfast  AC  (+ 5 more),811
OYO Flagship 5360 Bellandur Outer Ring Road,"Bellandur, Bangalore",First Aid  Buzzer/Door Bell  Attached Bathroom  (+ 9 more),1006
OYO Flagship 45502 Sree Banashankari Guest House 2,"Kasba Hobli, Bangalore",First Aid  Attached Bathroom  Daily Housekeeping  (+ 10 more),781
OYO Home 36292 Exotic Stay Dodda Banaswadi,"Dodda Banasawadi Main Rd, Kalyan Nagar, Bangalore",Kitchen  Buzzer/Door Bell  Attached Bathroom  (+ 8 more),1208
OYO 8252 Aayush Corporate Stays,"4th block, Kormangala, Bangalore",Complimentary Breakfast  Elevator  AC  (+ 6 more),1208
OYO 43308 Surya Gateway,"Near Hosahalli Main Road, Hunasamaranahalli, Bangalore",First Aid  Buzzer/Door Bell  Attached Bathroom  (+ 10 more),436
OYO 19038 Mathrushree Comforts,"Acharya Doctor Sarvepalli Radhakrishnan Road, Bangalore",Parking Facility  Complimentary Veg Breakfast  CCTV Cameras  (+ 6 more),811
Capital O 14273 Inn@Silicon Valley,"Near Santhosapuram, 1st Block Koramangala, Bangalore",Conference Room  Elevator  Wheelchair Accessible  (+ 13 more),1329
OYO 15776 V R Residency,"4th block, HBR Layout, Bangalore",Complimentary Veg Breakfast  CCTV Cameras  Geyser  (+ 7 more),847
OYO 15430 Sagar Comforts,"Near Cafe Republic, Kattigenahalli, Bangalore",Card Payment  CCTV Cameras  Power backup  (+ 1 more),781
OYO 2183 Hotel Fortune City,"Vidyanagar, Bommasandra, Bangalore",Parking Facility  Kitchen  CCTV Cameras  (+ 9 more),769
SilverKey Executive Stays 24047 Airport,"Vinayaka Appartment road, Hunasamaranahalli, Bangalore",Kitchen  First Aid  Attached Bathroom  (+ 12 more),763
OYO Home 30654 Elegant Stay Hennur Cross,"Iskcon Temple, Banasawadi, Bangalore",Kitchen  Attached Bathroom  Daily Housekeeping  (+ 6 more),971
SPOT ON 46393 Venkat Regency SPOT,"Near Jalahalli Cross, Bangalore",Not Available,490
OYO 2388 Hebbal,"Near Baptist Hospital, Anand Nagar, Bangalore",Kitchen  CCTV Cameras  Geyser  (+ 6 more),865
OYO 14520 Habitat Hotel & Suites,"Dr.Ambedkar Nagar, Yeshwanthpur, Bangalore",Parking Facility  CCTV Cameras  Conference Room  (+ 9 more),1006
Capital O 46906 Surya Orchids,"Near St Anns Church Road, Bangalore",Parking Facility  First Aid  Buzzer/Door Bell  (+ 12 more),781
OYO 5590 Ujwal Residency,"BK Nagar, Bangalore",AC  TV  Card Payment  (+ 3 more),781
OYO Flagship 10866 Bangalore,"Jayanagar, Bangalore",Parking Facility  AC  TV  (+ 5 more),964
OYO 11927 Varcity Imperium,"Sulthangunta, Shivaji Nagar",Elevator  Kitchen  AC  (+ 6 more),2799
OYO 13567 1BHK Suites and Rooms,"Near Kalyan Nagar, Babu Sahibpalya, Bangalore",CCTV Cameras  Geyser  Elevator  (+ 6 more),972
OYO 5367 near Outer Ring Road,"Behind Mega Mart, Kalyan Nagar, Bangalore",Complimentary Veg Breakfast  CCTV Cameras  Geyser  (+ 7 more),811
OYO 13787 Sandal Leaf Park,"Chandapura Dommasandra Road ,Anekal",CCTV Cameras  AC  TV  (+ 1 more),811
OYO 14424 Saarang Forever,"Near Syndicate Bank ATM, Model Colony, Bangalore",Elevator  Complimentary Breakfast  AC  (+ 6 more),1006
Capital O 13090 Astor Hotel,"Near Barbeque Nation, Koramangala, Bengaluru",Elevator  AC  Card Payment  (+ 9 more),1292
OYO 9768 Gokul Harmony,"35th Main, BTM 2nd Stage, Bangalore",Parking Facility  Complimentary Veg Breakfast  CCTV Cameras  (+ 8 more),919
OYO Flagship 17178 Ankura Hospitality,"Niranjana, Bangalore",Parking Facility  Kitchen  CCTV Cameras  (+ 5 more),726
OYO 6825 New Crescent Citadel,"Murugeshpalya, Bangalore",Parking Facility  Elevator  Complimentary Breakfast  (+ 7 more),1294
OYO Flagship 12476 Bellandur,"Near Iblur Bus Stop, Bangalore",AC  Card Payment  Power backup  (+ 2 more),1006
OYO 3453 Bhagini Residency,"Near Nagavara Lake, Hebbal Outer Ring Road, Bangalore",Conference Room  Elevator  Complimentary Breakfast  (+ 13 more),1006
OYO 25017 Alkhaleej Apartment,"HRBR Layout, Kalyan Nagar, Bangalore",First Aid  Complimentary Veg Breakfast  CCTV Cameras  (+ 9 more),1942
OYO Townhouse 035 Indiranagar,"Near CV RAMAN hospital, Indira Nagar, Bangalore",Complimentary Breakfast  In-house Restaurant  Kitchen  (+ 7 more),2183
OYO 37389 Fun Stop B,"Near Hesarghtta Flower Garden, Bangalore",Parking Facility  Kitchen  Attached Bathroom  (+ 15 more),817
Collection O 30121 The Mayer,"Near WNS Bangalore Office, Bangalore",First Aid  Daily Housekeeping  Conference Room  (+ 17 more),1578
OYO Townhouse 93 Ramamurthy Nagar,Near Kasturi Nagar Bangalore,Kitchen  First Aid  Attached Bathroom  (+ 14 more),2020
SilverKey Executive Stays 24644 Electronic City Phase- II,"Near Tech Mahindra Office, Bangalore",Attached Bathroom  CCTV Cameras  Fire-Extinguisher  (+ 6 more),916
SPOT ON 41554 Hotel Sri Thirumala Paradise SPOT,"Near Subhash Nagar, Sevashrama, Bangalore",Parking Facility  First Aid  Attached Bathroom  (+ 3 more),490
Collection O 30045 Hotel Legacy Brigade Road,"Near Catholic Club, Brigade Road, Bangalore",First Aid  Functional Living Area  Attached Bathroom  (+ 13 more),1802
OYO 12544 Varcity Twin Towers,"Near SV Hospital, BTM Layout, Bangalore",Elevator  Complimentary Breakfast  AC  (+ 6 more),890
OYO Townhouse 180 Sant Regency Saver,"Bengaluru, Bangalore",First Aid  Daily Housekeeping  Complimentary Breakfast  (+ 10 more),886
OYO 5341 Gokul Hibiscus,"BTM 2nd Stage, Bangalore",Complimentary Veg Breakfast  Geyser  Complimentary Breakfast  (+ 5 more),1600
OYO 10436 Hotel Forum Park,"Chikku Lakshmaiah Layout, Adugodi, Bangalore",Complimentary Breakfast  AC  TV  (+ 4 more),850
OYO Home 29250 Elegant Stay Yediyur Lake,"Near Tata Silk Farm, Jayanagar, Bengaluru",Functional Living Area  Daily Housekeeping  RO  (+ 15 more),964
OYO 8501 Abhimaani Comforts,"Near Banashankri Metro Station, JP Nagar, Bangalore",Parking Facility  Elevator  Wheelchair Accessible  (+ 7 more),927
OYO 9251 Grand Krishna,"Near Vijayalaxmi theater, Chickpet, Bangalore",Parking Facility  Elevator  Complimentary Breakfast  (+ 6 more),811
OYO Home 37042 Lavish Stay HSR Layout,"Sector 3, HSR Layout, Bengaluru",Attached Bathroom  Daily Housekeeping  Step Free Access  (+ 9 more),1225
OYO Home 40804 Cozy Stay HSR Layout,"Near Sector 7, HSR Layout, Bangalore",Kitchen  Functional Living Area  Attached Bathroom  (+ 10 more),1006
Capital O 11252 Grand Regency,"Near Varrier Bakery, Rajaji Nagar, Bangalore",Daily Housekeeping  Conference Room  Elevator  (+ 16 more),1721
OYO 422 Tiny Tap Rooms,"Indiranagar, Bangalore",Kitchen  Bar  Complimentary Veg Breakfast  (+ 10 more),1401
OYO 15482 Delite Suites Saver,"Near Sathya Green Apartments, Bangalore",First Aid  CCTV Cameras  Card Payment  (+ 2 more),685
OYO 17327 The Rove,"Near Banashankari, Bangalore",Parking Facility  Attached Bathroom  Daily Housekeeping  (+ 11 more),925
OYO 345 Hotel Red Mount Aquilla,"Near Jyothi Nivas College, Koramangala, Bangalore",Complimentary Veg Breakfast  Bar  CCTV Cameras  (+ 8 more),1330
OYO 9253 Champion Comfort,"Housing Board Circle, Magadi Road, Bangalore",Parking Facility  Kitchen  CCTV Cameras  (+ 9 more),2186
OYO 11387 Hotel Kozy Rooms,"Near Mughal Treat, 27th Main Road, Bangalore",Parking Facility  CCTV Cameras  Geyser  (+ 8 more),1006
Capital O 15403 Krishna Vaibhava,"BTM 2nd stage, Bangalore",Bath Tub  Conference Room  Elevator  (+ 15 more),1886
OYO 5964 near Manyata Tech Park,"Mesthri Palya, Bangalore",Kitchen  CCTV Cameras  Geyser  (+ 6 more),833
OYO 19726 Pride Homes,"Aecs Layout, Chinnapaahali, Bangalore",Kitchen  Complimentary Veg Breakfast  CCTV Cameras  (+ 9 more),1208
OYO 8480 A2B Electronic City,"Adyar Ananda Bhavan Sweets India Pvt LTD. NO1871, 1st Cross, Neeladri Road Electronic City Phase 1 Bengaluru, Karnataka 560100.",Parking Facility  CCTV Cameras  Geyser  (+ 8 more),1330
Silverkey Executive Stays 36863  Electronic City Phase I,"Electronics City Phase 1, Bangalore",Attached Bathroom  Daily Housekeeping  CCTV Cameras  (+ 7 more),703
OYO 24118 SLV Enterprises,"Opposite State Bank of Mysore, Hebbal, Bangalore",Attached Bathroom  Daily Housekeeping  CCTV Cameras  (+ 7 more),865
OYO Home 40271 Elegant Stay Near Gopalan Mall,"Bennigana halli, Kasturi nagar",Partial Power backup  Kitchen  Attached Bathroom  (+ 12 more),1006
OYO 10438 Green Villa,"Sri Ananth Nagar, Huskur Gate, Bangalore",Parking Facility  In-house Restaurant  AC  (+ 6 more),766
OYO 37083 Golden Hill Hotel And Resort,"Near Tarikere Bus Stop, Bangalore",Parking Facility  Buzzer/Door Bell  Attached Bathroom  (+ 14 more),781
OYO 41023 Accor International,"Near Reva University, Bangalore",Daily Housekeeping  Elevator  AC  (+ 12 more),781
OYO 42904 Hindavi Inn 4,"Jakkur Layout, Bangalore",Parking Facility  First Aid  Buzzer/Door Bell  (+ 14 more),811
OYO 9059 Airport Residency,"Near Kempegowda International Airport, Bangalore",Parking Facility  AC  TV  (+ 3 more),1240
OYO 15633 Champion Palace,"Near Outer Ring Road, Prem Nagar, Bangalore",CCTV Cameras  Geyser  Elevator  (+ 7 more),832
OYO 27943 Transit Hotel,"Near NCERT, Hosakerehalli Cross, Banglore",First Aid  Attached Bathroom  CCTV Cameras  (+ 10 more),768
Capital O 49358 Blue Meridian Inn,"Byatarayanapura, Bangalore",Parking Facility  Attached Bathroom  Daily Housekeeping  (+ 12 more),1006
OYO Flagship 22639 Electronic city,"Yarandahalli, Bommasandra, Bangalore",Functional Living Area  Daily Housekeeping  Toaster  (+ 13 more),991
OYO 10026 Hotel Kings Suites,"Near Baptist Hospital, Bangalore",Parking Facility  Kitchen  CCTV Cameras  (+ 8 more),3724
Capital O 5381 The Emirates Hotel Deluxe,"Near Total Mall, Madiwalla, Bangalore",Parking Facility  Kitchen  CCTV Cameras  (+ 8 more),1208
OYO 30678 S K Residency,"Bengaluru, Bangalore",First Aid  Attached Bathroom  Daily Housekeeping  (+ 13 more),1006
OYO 4767 Royal Park,"New Tippasandra, Bangalore",Parking Facility  CCTV Cameras  Conference Room  (+ 7 more),1006
OYO 829 Garden Green,"Domlur Flyover, Bangalore",Parking Facility  Complimentary Veg Breakfast  CCTV Cameras  (+ 8 more),1006
OYO 2677 Hotel Royal Blue,"Near Vijayalakshmi Hospital, Kalyan Nagar, Bangalore",CCTV Cameras  Geyser  Complimentary Breakfast  (+ 5 more),811
OYO Flagship 12684 Compact Green View,"Near Ejipura Signal, Koramangla, Bangalore",AC  Card Payment  Power backup  (+ 5 more),1006
OYO 15628 Peenya Gymkhana Comforts,"Near NTTF Circle, Bangalore",Parking Facility  Complimentary Veg Breakfast  CCTV Cameras  (+ 7 more),1267
OYO 28378 Balaji Farm House,"Near Nelamangala Rural Police station, Bangalore",Daily Housekeeping  AC  Banquet Hall  (+ 14 more),811
OYO Home 45366 Elite Stay HSR Club,"Near Narayana Multispeciality Hospital, Sector 3, Bangalore",Parking Facility  Kitchen  Functional Living Area  (+ 11 more),1816
OYO 24065 Midway Mysore,"Near Mudigere Plantation, Belekere, Bangalore",Parking Facility  Attached Bathroom  Daily Housekeeping  (+ 10 more),766
Capital O 2233 Kandi Tree,"Jayanagar, Bangalore",First Aid  Conference Room  Banquet Hall  (+ 12 more),2287
OYO 45383 Lake View Shyam Stay,"Hulimavu, Bangalore",First Aid  Attached Bathroom  Daily Housekeeping  (+ 5 more),781
OYO 15270 Atithi Residency,"Near Attibele Toll, Bangalore",Elevator  Complimentary Breakfast  Wheelchair Accessible  (+ 9 more),811
Collection O 30012 Near Malleswaram,"Near Malleswaram, Bangalore",Kitchen  CCTV Cameras  Conference Room  (+ 5 more),2038
OYO Home 47993 Luxurious Stay Indira Nagar,"Defence Colony, Indiranagar, Bangalore",Parking Facility  Living Area  AC  (+ 5 more),1599
Collection O 30060 Koramangala Forum Mall,"Near Forum Mall, Bangalore",First Aid  Attached Bathroom  Daily Housekeeping  (+ 12 more),1208
OYO 38753 Shri Krishna Nandagokula,"Near ESI Hospital, Bangalore",Parking Facility  Complimentary Veg Breakfast  Attached Bathroom  (+ 5 more),1422
OYO 18458 Check-inn,"University Campus, Anekal, Bangalore",Parking Facility  CCTV Cameras  Geyser  (+ 5 more),811
OYO 7889 Maruthi Home Stays,"Kengeri Main Road, Near RNS IT College, Bangalore",Kitchen  CCTV Cameras  Geyser  (+ 5 more),781
OYO 14695 Shrusti Comfort,"Near Syndicate Bank, Ballepet Circle, Bangalore",Complimentary Veg Breakfast  CCTV Cameras  Elevator  (+ 6 more),811
OYO 26188 Domus Atithyam,"Central Excise Layout, Sanjaynagar, Bangalore",Parking Facility  Kitchen  First Aid  (+ 11 more),835
OYO 9438 1 BHK Serviced Apartment,"Koramangala, Bangalore",Parking Facility  CCTV Cameras  Geyser  (+ 6 more),1002
OYO SilverKey Executive Stays 44246 Galaxy Inn,"hunasamaranahalli, Bangalore",Attached Bathroom  Daily Housekeeping  CCTV Cameras  (+ 7 more),670
OYO Flagship 16142 Passport Office Koramangala,"K C Mallappa Reddy Layout, Koramangala, Bangalore",In-house Restaurant  Kitchen  Card Payment  (+ 3 more),874
Capital O 46394 Hotel Victory Grand,"Bengaluru, Bangalore",Daily Housekeeping  Banquet Hall  Card Payment  (+ 10 more),1418
OYO 30525 Dwarka Grand,"Near Sri Manjunath Arcade, Govinayakanahalli, Bangalore",Kitchen  Complimentary Veg Breakfast  Attached Bathroom  (+ 15 more),1208
OYO 15016 Hotel City Plaza,"Near Ayyappa Swamy Temple, Madiwala, Bangalore",Parking Facility  Complimentary Veg Breakfast  CCTV Cameras  (+ 9 more),850
OYO 37916 Paradise Stay Inn Business Hotel,"Near HRBR Layout, Kalyan Nagar, Bangalore",First Aid  Buzzer/Door Bell  Attached Bathroom  (+ 10 more),816
OYO Home 29239 Designer Stay Hebbal,"Near Postal Colony, Sanjaynagar, Bengaluru",Attached Bathroom  Daily Housekeeping  CCTV Cameras  (+ 6 more),999
OYO 37387 Fun Stop,"Near Elohim Church, Bangalore",Parking Facility  Kitchen  Attached Bathroom  (+ 13 more),847
OYO 13861 Green leaf International Comforts,"Hunasamaranahalli, Bangalore",Parking Facility  AC  TV  (+ 5 more),781
OYO 44428 Paragon Heritage,"Near Yeshwanthpur Metro station, CV Raman Rd, Banglore",Daily Housekeeping  Complimentary Breakfast  AC  (+ 14 more),758
SilverKey Executive Stays 20019 Bannerghatta Road,"Bannerghatta Road, Bangalore",Parking Facility  Kitchen  CCTV Cameras  (+ 2 more),913
OYO 333 Hotel Crystal Homes,"100 Feet Road, Indiranagar, Bangalore",CCTV Cameras  Elevator  Complimentary Breakfast  (+ 6 more),1401
OYO 12524 Compact Supralisa,"Near Halasuru Metro Station, Ulsoor, Bangalore",Parking Facility  Elevator  Complimentary Breakfast  (+ 7 more),1410
OYO Flagship 30074 Electronic City,"Near Manipal County Road, Bangalore",First Aid  Daily Housekeeping  Toaster  (+ 13 more),849
OYO 23055 Raintree Residences,"Near Brookfield Mall, Bangalore",First Aid  Daily Housekeeping  Elevator  (+ 13 more),1544
Collection O 19570 BB Residency,"BTM Layout, Bangalore",Attached Bathroom  CCTV Cameras  Fire-Extinguisher  (+ 5 more),886
OYO 6889 Elite Deluxe Rooms,"International Airport Road, Maruthinagar, Bangalore",Parking Facility  Bath Tub  Kitchen  (+ 11 more),811
OYO 39395 Encore Suites,"Near Domlur, Bangalore",Not Available,811
OYO 11137 Hotel Morgen Suites,"Off Brigade Road, Bangalore",Bath Tub  Elevator  Complimentary Breakfast  (+ 11 more),1938
OYO 26568 Sai Heaven,"Swamy Vivekananda Road, Ulsoor, Bangalore",Parking Facility  First Aid  Buzzer/Door Bell  (+ 11 more),1006
OYO 15711 Athiti Residency,"Marathahalli, Bangalore",Parking Facility  First Aid  CCTV Cameras  (+ 8 more),1006
OYO 18338 White Fort,"Dispensary Rd, Kalasipalya,Bangalore",Elevator  Complimentary Breakfast  AC  (+ 8 more),850
Collection O 30004 Malleswaram,"Near Mantri Mall, Malleshwaram, Bangalore",Parking Facility  In-house Restaurant  Kitchen  (+ 3 more),2160
OYO 48789 Sri Vinayaka Lodge,"Karanje Extension, Malur, Bangalore",First Aid  Elevator  Wheelchair Accessible  (+ 14 more),728
OYO Home 36553 Elegant Stay JP Nagar,"Siddalingeshwara Theatre, Phase 6, JP Nagar, Bangalore",Kitchen  Attached Bathroom  Daily Housekeeping  (+ 9 more),999
OYO 10242 Hotel Shelton Suites,"Near VIVA Toyota, Hunasamaranahalli, Bangalore",Complimentary Veg Breakfast  CCTV Cameras  Geyser  (+ 5 more),811
OYO Home 46055 Luxurious Villa Hsr Layout,"1st Sector, HSR Layout, Bangalore",Buzzer/Door Bell  Attached Bathroom  Daily Housekeeping  (+ 6 more),1499
Silverkey Executive stays 42518 Sai Balaji Saver,"Bommanahalli, Bangalore",Attached Bathroom  Card Payment  CCTV Cameras  (+ 5 more),654
SPOT ON 48591 Basapura,"Electronic City, Bangalore",AC  TV  Free Wifi,1653
OYO 6787 Sri Sai Residency,"Medanahalli, Cocola-Toyato Main Road, Bangalore",Parking Facility  Complimentary Veg Breakfast  CCTV Cameras  (+ 6 more),811
OYO 579 Hotel AAB,"Near MGA Hospital, Marathahalli, Bangalore",Complimentary Veg Breakfast  CCTV Cameras  Geyser  (+ 6 more),1294
OYO Flagship 26565 Puttana Chetty Townhall,"Near Rajatha Mahal Complex, Bangalore",Kitchen  First Aid  Attached Bathroom  (+ 9 more),904
OYO 16585 Venkat Presidency,"Near RNS Motors Yeshwanthpur, Bangalore",Complimentary Breakfast  First Aid  Card Payment  (+ 3 more),865
OYO 7898 Hotel Al Fa Inn,"Koramangala, Bangalore",Complimentary Veg Breakfast  CCTV Cameras  Geyser  (+ 8 more),1006
OYO 11683 Hotel YMCA,"Near Reserve Bank of India, Nrupathunga Road, Bangalore",Elevator  AC  TV  (+ 4 more),1006
OYO 10478 Raj Residency,"Lakkasandra Extension, Wilson Garden, Bangalore",Parking Facility  Complimentary Veg Breakfast  CCTV Cameras  (+ 7 more),811
OYO 37349 Sai Palace,"Near Sapthagiri Engineering College, Bangalore",First Aid  Daily Housekeeping  Elevator  (+ 13 more),811
OYO 12776 SV Suites,"Near Gyanadipika Bhargavi High School, Bangalore",Parking Facility  Kitchen  Complimentary Veg Breakfast  (+ 10 more),811
OYO Flagship 15777 Basvanagudi,"Near  Bangalore Medical College, Bengaluru",Parking Facility  In-house Restaurant  Kitchen  (+ 6 more),784
OYO 38410 Hotel Hsr Comforts,"Near Yesvantpur Junction Railway Station, Bangalore",Parking Facility  Complimentary Veg Breakfast  CCTV Cameras  (+ 4 more),811
SPOT ON 41867 Century Lodge SPOT,"Near Cratis Hospital, Bangalore",Attached Bathroom  Daily Housekeeping  CCTV Cameras  (+ 6 more),490
OYO 17123 Hotel Sandesh Kingston,"Near Anand Rao Circle, Gandhi Nagar, Bangalore",Kitchen  Complimentary Veg Breakfast  CCTV Cameras  (+ 10 more),2313
OYO 23030 Hotel Gtv Comforts,"Near 1st Phase, Mathikere main road, Bangalore",Parking Facility  Complimentary Veg Breakfast  Attached Bathroom  (+ 9 more),2333
OYO Home 46496 Exotic Stay Silk Board,"Sector 6, HSR Layout, Bangalore",Parking Facility  Kitchen  Functional Living Area  (+ 15 more),1256
Collection O 30001 Whitefield ITPL,"Near Cloud Nine Hospital, Pattandur Agrahara, Bangalore",Parking Facility  In-house Restaurant  Kitchen  (+ 3 more),1244
OYO 10525 Varcity Abra Madiwala,"Maruti Nagar, BTM Layout, Bangalore",Complimentary Veg Breakfast  CCTV Cameras  Geyser  (+ 7 more),855
OYO Home 46641 Exotic Stay Near Cubbon Park,"RT Nagar, Matadahalli Extension, Bangalore",Kitchen  Functional Living Area  Attached Bathroom  (+ 9 more),1208
OYO 2321 Hotel Nile Residency,"Behind Ayyappa Temple, Madiwala, Bangalore",First Aid  Daily Housekeeping  Elevator  (+ 15 more),811
OYO 39947 Holistic Life Care,"Near Electronic City Phase 1, Bangalore",Parking Facility  Attached Bathroom  Daily Housekeeping  (+ 11 more),781
OYO 875 Eyrie Suites,"Near AECS Layout, Marathahalli, Bengaluru",First Aid  Elevator  Complimentary Breakfast  (+ 14 more),982
OYO 765 Hotel Sunil Residency,"Shivahalli, Bangalore",Elevator  Complimentary Breakfast  AC  (+ 4 more),852
OYO 27781 Sri Sai Comforts,"Uttarahalli Kengeri main rd, Bangalore",First Aid  Daily Housekeeping  Elevator  (+ 10 more),766
OYO 25032 Seven Hills Guestline,"Opposite Appolo Pharmacy, RR Nagar Bangalore, Bangalore",First Aid  Attached Bathroom  Daily Housekeeping  (+ 8 more),766
OYO 14799 Canvas Suites,"HSR Layout Main Road, Bangalore",Parking Facility  Kitchen  CCTV Cameras  (+ 10 more),971
OYO 2266 Gokul Heritage,"BTM 2nd Stage, Bangalore",Complimentary Veg Breakfast  CCTV Cameras  Geyser  (+ 6 more),962
OYO 17177 N Capital Saver,"Mysore Road Cross, Kengeri Satellite Town, Bangalore",AC  TV  Power backup  (+ 2 more),653
OYO 16033 Hotel Cartier Biznotel,"Jai Munirao Circle, Vijaynagar, Bangalore",Parking Facility  Kitchen  Complimentary Veg Breakfast  (+ 12 more),1209
OYO 754 Sapthagiri Residency,"BTM Layout, Bangalore",First Aid  Attached Bathroom  CCTV Cameras  (+ 7 more),932
Capital O 9418 Pride Homes,"Panathur, Bangalore",CCTV Cameras  Geyser  In-house Restaurant  (+ 3 more),1408
OYO 17160 Rain Tree Comforts,"Near Swarna Gyathri Mansion, HSR Layout, Bengaluru",Parking Facility  Kitchen  CCTV Cameras  (+ 9 more),811
OYO 19358 Aster Suites,"Next to little Elly School, Hebbal, Bangalore",Parking Facility  Attached Bathroom  Daily Housekeeping  (+ 16 more),865
OYO 17018 Roots Nest,"Behind Coffee Day, Malleshwaram, Bangalore",Parking Facility  Complimentary Veg Breakfast  CCTV Cameras  (+ 9 more),1241
OYO 12965 Archana Comforts,"Near Minerva Circle, JC Road, Bangalore",First Aid  Conference Room  Elevator  (+ 12 more),811
OYO 11592 Hotel Red Carpet Residence,Near Richmond Road,Kitchen  AC  TV  (+ 6 more),1006
OYO 13745 CMN Stay,"Hoskote, Bangalore",Parking Facility  CCTV Cameras  Geyser  (+ 8 more),811
OYO 12083 Hotel Champion Inn,"Yeshwanthpur, Nanjappa Reddy Colony, Bangalore",Parking Facility  Complimentary Veg Breakfast  CCTV Cameras  (+ 8 more),811
Collection O 30005 Whitefield,"Near Inorbit Mall, Whitefield, Bangalore",AC  TV  Free Wifi,966
OYO 18923 Mel's Regency,"Near Vijaya Bank, Domlur, Bangalore",Parking Facility  CCTV Cameras  Geyser  (+ 6 more),1424
SPOT ON 47477 Hotel Maurya Paradise Inn SPOT,"Near Devasandra Layout, Bangalore",Attached Bathroom  Daily Housekeeping  Card Payment  (+ 4 more),549
SilverKey Executive Stays 27924 Yelahanka New Town,"HIG B Sector, Yelahanka new town, Bangalore",Parking Facility  Kitchen  First Aid  (+ 15 more),1300
Capital O 29584 Fortune Gateway,"Near NRV Hospital, Bangalore",Buzzer/Door Bell  Attached Bathroom  Daily Housekeeping  (+ 7 more),1006
OYO 2420 Ashwa Comfort,"Near ITC Factory, New Airport Road, Bangalore",Parking Facility  Complimentary Veg Breakfast  CCTV Cameras  (+ 7 more),811
OYO 24481 Hotel Serenity Inn,"Near Amarjyoti, Banglore",First Aid  Attached Bathroom  Daily Housekeeping  (+ 13 more),811
OYO 1256 Compact Magnolia,"Near Moritz Restaurant, AECS Layout, Bangalore",Parking Facility  Kitchen  CCTV Cameras  (+ 9 more),811
OYO 16937 Alankar Residency,"Mysore Road Kengeri, Bangalore",CCTV Cameras  Geyser  Elevator  (+ 5 more),766
SPOT ON 40980 Kalinga Residency SPOT,"Near Yediyur Bus Stop, Bangalore",Parking Facility  First Aid  Attached Bathroom  (+ 9 more),490
SPOT ON 41441 Chinthu Comforts,"Near Siddaganga Mata, Bangalore",First Aid  Attached Bathroom  CCTV Cameras  (+ 6 more),704
OYO 7918 Home Apartment The Premium Services,"Halasuru, Bangalore",Parking Facility  Complimentary Veg Breakfast  CCTV Cameras  (+ 8 more),2290
OYO 12737 JK Residency,"Electronic City, Bangalore",Parking Facility  Wheelchair Accessible  AC  (+ 6 more),811
OYO 46800 M.S. Residency,"Mysore Road, Bididi, Bangalore",AC  TV  Attached Bathroom  (+ 5 more),781
OYO 43621 Hindavi Inn 3,"Sadguru Layout, Bangalore",First Aid  Buzzer/Door Bell  Attached Bathroom  (+ 7 more),781
OYO Townhouse 159 Sarjapur,"Doddakannelli, Bangalore",First Aid  Voice enabled rooms  Daily Housekeeping  (+ 19 more),1760
OYO Home 37041 Elegant Stay HSR Club Road,"Sector 3, HSR Layout, Bengaluru",Attached Bathroom  Daily Housekeeping  CCTV Cameras  (+ 4 more),1250
OYO 1231 Roxel Inn,"Near Diamond District Gate, Bangalore",Kitchen  Complimentary Veg Breakfast  CCTV Cameras  (+ 9 more),919
OYO 39777 Transit Dorms,"Near Maruthi Nagar Main Road, Bangalore",Buzzer/Door Bell  Attached Bathroom  Daily Housekeeping  (+ 7 more),811
OYO 3246 The Bouvice,"Near Maharaja Signal, S.T Bed Layout, Bangalore",Daily Housekeeping  Elevator  Complimentary Breakfast  (+ 19 more),1508
OYO 30686 G K Residency,"Near Jalahalli Metro Station, Peenya, Bangalore",Buzzer/Door Bell  Attached Bathroom  Daily Housekeeping  (+ 12 more),781
OYO 9439 Sri Sai Comforts,"Koramangala, Bangalore",Parking Facility  CCTV Cameras  Geyser  (+ 6 more),832
OYO 3664 Hotel Shivaal's Residency,"Rajajinagar, Bangalore",Parking Facility  Kitchen  Complimentary Veg Breakfast  (+ 11 more),1006
OYO 2132 Aditya Residency,"Near Florence College of Nursing, Bangalore",Parking Facility  Complimentary Breakfast  AC  (+ 8 more),1006
OYO 8575 Shree Comforts,"Near 7 Sector, HSR Layout, Bangalore",Parking Facility  AC  TV  (+ 5 more),1208
OYO 14272 Manyata Palace,"Near Manyata Tech Park, Jakkur, Bangalore",Parking Facility  Kitchen  CCTV Cameras  (+ 6 more),765
OYO Home 47073 Cosy Stay Near D Mart,"4th Block, HBR Layout, Bangalore",Kitchen  Functional Living Area  CCTV Cameras  (+ 6 more),864
OYO Flagship 16105 Majestic,"Cottonpet Main Road,Near Majestic, Bangalore",Kitchen  Card Payment  CCTV Cameras  (+ 2 more),832
OYO 8463 Grand,"Bhoomi Reddy colony, New Thippasandra, Bangalore",Parking Facility  Kitchen  CCTV Cameras  (+ 8 more),1294
OYO 18626 Diamond Paradise,"Nandini Layout, Bangalore",Kitchen  CCTV Cameras  In-house Restaurant  (+ 5 more),766
OYO 13594 Mathrushree Residency,"Near ESI Hospital, Rajaji Nagar, Bangalore",Complimentary Veg Breakfast  CCTV Cameras  Geyser  (+ 6 more),972
OYO Home 39443 Peaceful Stay Yelahanka,"Agrahara Badavane, Yelahanka, Bengaluru",Kitchen  Functional Living Area  Attached Bathroom  (+ 10 more),703
OYO 8116 Park Inn,"Near Empire Restaurant, Banglore",CCTV Cameras  Geyser  Elevator  (+ 6 more),1401
OYO 39746 The Roy Grand Inns,"Near Amber Home Interiors, HSR Club Road, Banglore",Parking Facility  Buzzer/Door Bell  Attached Bathroom  (+ 10 more),1508
SPOT ON 43981 Falcon Tower SPOT,"Electronic City, Bangalore",Buzzer/Door Bell  Attached Bathroom  Daily Housekeeping  (+ 6 more),490
SilverKey Executive Stays 48070 Sai 1st Block Kormangala,"Near Nirguna Mandir Layout, 1st Block Koramangala, Bengaluru",Attached Bathroom,799
OYO 46090 Green Residency,"Near J.C Nagar Police Station, Bangalore",Parking Facility  Attached Bathroom  Daily Housekeeping  (+ 7 more),1236
OYO 435 Hotel Amshi International,"Near Freedom Park, Gandhi Nagar, Bangalore",Kitchen  Complimentary Veg Breakfast  CCTV Cameras  (+ 11 more),1639
OYO 4429 Vee Suites,"Vidyanagar Cross, Bangalore",Parking Facility  CCTV Cameras  Geyser  (+ 6 more),974
OYO 41549 Snehal Residency,"Near Makali, Dasanapura Hablui, Bangalore",Parking Facility  First Aid  CCTV Cameras  (+ 6 more),781
Collection O 30057 Grand Continent JP Nagar,"Opposite Gopalan Innovation Mall, JP Nagar, Bangalore",First Aid  Attached Bathroom  Daily Housekeeping  (+ 13 more),1527
OYO Home 45741 Exotic Stay Near Hennur Lake,"1st Cross, Kalyan Nagar, Bangalore",Kitchen  Attached Bathroom  Daily Housekeeping  (+ 6 more),999
OYO Townhouse 025 Garuda Mall Bangalore,"Near Majestic Railway Station, Bangalore",Parking Facility  Complimentary Breakfast  Elevator  (+ 9 more),2806
OYO Home 47352 Blissful Stay Ramaiah Institute,"Railway Mens Colony, Mathikere, Bangalore",Not Available,1006
OYO 554 Hotel Red Carpet Residence,"Ulsoor Road, Bangalore",Complimentary Veg Breakfast  CCTV Cameras  Geyser  (+ 7 more),2124
OYO 19749 New Shelton Suites,"Hunasamaranahalli, Bengaluru",Parking Facility  CCTV Cameras  Geyser  (+ 5 more),781
OYO 19524 Maruthi Home Stays 2,"Near RNS College, RR Nagar, Bangalore",Attached Bathroom  CCTV Cameras  Fire-Extinguisher  (+ 7 more),781
OYO 15111 Greencity Comforts,"Madiwala, BTM Layout, Bangalore",Complimentary Veg Breakfast  CCTV Cameras  Geyser  (+ 8 more),1006
OYO Townhouse 014 MG Road Bangalore,"Near Ashley Park Road, Bangalore",Parking Facility  CCTV Cameras  Conference Room  (+ 10 more),3250
OYO 11688 Petuni Boutique Hotel,"Silver Springs Layout, Bangalore",Kitchen  CCTV Cameras  Geyser  (+ 7 more),811
OYO 35963 Malnad Residency Saver,"Opposite HDFC Bank, Bidadi, Bangalore",First Aid  Buzzer/Door Bell  Attached Bathroom  (+ 9 more),734
OYO 37479 Vinayaka Enclave,"Near IIM-B, JP Nagar, Bangalore",Kitchen  Buzzer/Door Bell  Daily Housekeeping  (+ 7 more),850
OYO 378 Aira Apartments,"HAL Airport Road, Kodihalli Extension, Bangalore",Parking Facility  Elevator  Complimentary Breakfast  (+ 5 more),1508
Capital O 16324 Niche Suites,"Near Nandhana Palace, Bangalore",24/7 Checkin  Power backup  Reception  (+ 3 more),1006
OYO 22935 Iwe Studio,"Santhuru village, Bangalore",Kitchen  First Aid  Complimentary Veg Breakfast  (+ 13 more),865
SPOT ON 45289 Shanthiniketan Homes SPOT,"Bommasandra Industrial Area, Bangalore",Parking Facility  First Aid  Attached Bathroom  (+ 12 more),490
OYO Home 46681 Elegant Stay Banaswadi,"2nd Stage, HRBR Layout, Bangalore",Living Area  Kitchen  Spacious Dining Area  (+ 7 more),864
OYO 10335 Platinum Hotel,"Near RMZ Ecospace Tech Park, Bellandur, Bangalore",Parking Facility  CCTV Cameras  Geyser  (+ 8 more),1599
OYO Home 45705 Classic Villa Near Gopalan Mall,"4th A Cross Rd, Kasturi Nagar, Bengaluru",Living Area  Kitchen  Spacious Dining Area  (+ 5 more),999
OYO 11419 Surya Residency,"Tarabanahalli, Bangalore",Parking Facility  Complimentary Veg Breakfast  CCTV Cameras  (+ 7 more),1413
OYO 37823 Sri Renuka Boarding & Lodging,"Near Sanjeevini Hospital, Bangalore",First Aid  Daily Housekeeping  Complimentary Breakfast  (+ 10 more),811
SPOT ON 23316 The City Getaway Service Apartment SPOT,"Near Subedarpalya, Bangalore",Parking Facility  First Aid  Attached Bathroom  (+ 7 more),436
OYO 16123 Chandana Deluxe,"Konappana Agrahara, Electronic City, Bangalore",Parking Facility  Kitchen  Bar  (+ 6 more),781
OYO 10114 Hotel Telehaus International,"Shanti Nagar, Bangalore",Bar  CCTV Cameras  Elevator  (+ 7 more),1330
OYO 22900 Sri Sai Inn,"Near Laxmi Hospital , 2nd Cross, Bangalore",Parking Facility  First Aid  Attached Bathroom  (+ 10 more),766
OYO 9559 Hotel New Fort,"Near Hoskote High School Bus Stop, Banglore",Parking Facility  Kitchen  CCTV Cameras  (+ 10 more),766
OYO Home 48370 Enticing Stay Kalyan Nagar,"Near Balachandra Layout, Kalyan Nagar, Bangalore",Not Available,1006
OYO 12033 Hotel Royal Residence,"Near Narayana Hospital, HSR Layout, Bangalore",Kitchen  Complimentary Veg Breakfast  CCTV Cameras  (+ 9 more),1880
OYO 43984 Sri Krishna Nilaya,"Chansandra, Bangalore",First Aid  Attached Bathroom  Daily Housekeeping  (+ 7 more),774
SilverKey Executive Stays 39585 Koramangala Sony World Signal,"Near Kormangala Club, Bangalore",Kitchen  Attached Bathroom  Daily Housekeeping  (+ 8 more),1815
OYO 36494 Hotel Reddy Inn,"Near SBI Bank, Bannerghatta Anekal Road, Bangalore",First Aid  Attached Bathroom  Daily Housekeeping  (+ 7 more),766
OYO Townhouse 006 Koramangala Sony Signal,"Inner Ring Road, Koramangala, Bangalore",CCTV Cameras  Conference Room  Geyser  (+ 8 more),4281
OYO 4428 Central Platinum Suites,"Near Narayana Multispeciality Hospital, Bangalore",Kitchen  CCTV Cameras  Geyser  (+ 7 more),1401
OYO Home 45645 Pleasant Stay HSR Layout,"Sector 7, HSR Layout, Bangalore",Kitchen  Functional Living Area  Attached Bathroom  (+ 9 more),1299
OYO 35906 Indu Comforts,"Near Hunasamaranahalli, Bangalore",Parking Facility  Buzzer/Door Bell  Complimentary Veg Breakfast  (+ 13 more),811
OYO 16936 Champion Orchid,"Near PES University, Bangalore",Parking Facility  Complimentary Veg Breakfast  CCTV Cameras  (+ 11 more),811
OYO 16723 Stay Bridge Vibe,"Near Iblur Bus Stop, Bellandur, Bangalore",CCTV Cameras  Geyser  Complimentary Breakfast  (+ 6 more),811
OYO Home 46643 Cosy Stay Banaswadi,"HRBR Layout, Banasawadi, Bengaluru",Living Area  Kitchen  AC  (+ 4 more),999
OYO 3023 Compact Suites,"Lavelle Road, Bangalore",Parking Facility  Complimentary Veg Breakfast  CCTV Cameras  (+ 9 more),2659
SPOT ON 48001 Garden Gate Lodge SPOT,"Banglore North -, Bangalore",Parking Facility  Attached Bathroom  Daily Housekeeping  (+ 5 more),532
OYO 13121 Sai Kuteer,"Near MG school, Bilekahalli , Bangalore",Parking Facility  Complimentary Veg Breakfast  CCTV Cameras  (+ 8 more),729
OYO 894 Apartment Hotel 510 Chetana,"HSR Layout, Bangalore",Parking Facility  Kitchen  CCTV Cameras  (+ 8 more),972
SPOT ON 46907 Hotel Ganesh Mahal SPOT,"Near Majestic Railway Station, Bangalore",Not Available,622
OYO 10332 Hotel Sai Arcade,"Near Shivananda Circle, Sheshadripuram, Bangalore",CCTV Cameras  Elevator  Complimentary Breakfast  (+ 5 more),1006
SPOT ON 46666 Hotel Ck International  SPOT,"Thally Road, Bangalore",Parking Facility  Attached Bathroom  Daily Housekeeping  (+ 6 more),490
OYO Home 24184 Elegant Stay,"HSR Layout, Sector 4, Bangalore",Kitchen  Attached Bathroom  Daily Housekeeping  (+ 7 more),1399
OYO 11590 Red Carpet Residence,"Kalyan Nagar, Bangalore",CCTV Cameras  Geyser  Electric Kettle  (+ 6 more),3423
OYO Home 36450 Peaceful Stay Silk Board,"Near MCHS Colony, Sector 6, Bengaluru",Kitchen  Attached Bathroom  Daily Housekeeping  (+ 4 more),1499
OYO 27280 Hotel Maya International,"Near MG Road Metro Station, Bangalore",First Aid  Attached Bathroom  CCTV Cameras  (+ 11 more),1733
SPOT ON 45666 Pavan Residency SPOT,"Near Tumakuru, Bangalore",Not Available,436
Capital O 37879 Orchard Greens,"Near KSR Railway Station, Harlur Road, Bangalore",First Aid  Daily Housekeeping  Refrigerator  (+ 15 more),1936
SPOT ON 41143 Hotel Nash Inn SPOT,"Near Indra Nagar, Bangalore",Parking Facility  Attached Bathroom  CCTV Cameras  (+ 8 more),490
OYO 26708 Sky Palace,"Near Bescom Office, Ayappa Garden, Bangalore",Attached Bathroom  CCTV Cameras  Fire-Extinguisher  (+ 7 more),781
SPOT ON 37390 S A B Residency SPOT,"Near  Kenchanakuppe, Bidadi, Bangalore",Parking Facility  24/7 Checkin  Power backup  (+ 3 more),490
OYO 346 Hotel AAB Residency,"Near Thanisandra Main Road, Nagawara signal, Bangalore",Parking Facility  CCTV Cameras  Conference Room  (+ 9 more),1006
SPOT ON 41675 Royal Inn Thirthalli SPOT,"Near Tirthahalli Bus Stand, Bangalore",First Aid  Attached Bathroom  Daily Housekeeping  (+ 8 more),490
OYO 35630 Country Club Coconut Grove,"Near Sri Ranganatha Swamy Temple, Bangalore",First Aid  Daily Housekeeping  Games  (+ 16 more),811
OYO 11051 Comforts,"Near Sony Centre, Koramangala, Bangalore",Kitchen  CCTV Cameras  Geyser  (+ 6 more),1302
OYO 331 Hotel Skanda Shelters,"Behind IIMB, Bannerghatta Road, Bangalore",CCTV Cameras  Geyser  Elevator  (+ 6 more),972
Capital O 28808 -Sai Vishram,"Near Narayan Hospital, Electronic City, Bangalore",Bath Tub  First Aid  Conference Room  (+ 19 more),3439
Capital O 44165 Sai Vishram Premier,"Near Narayan Hospital, Bangalore",Bath Tub  First Aid  Daily Housekeeping  (+ 21 more),3454
OYO 22101 Shree Raksha Comfort,"BB Rd Devanahalli Town, Bangalore",First Aid  Attached Bathroom  CCTV Cameras  (+ 9 more),784
OYO 6173 Udupi Park Inn,"Yeshwantpur, Bangalore",AC  TV  Card Payment  (+ 4 more),766
OYO 9252 SLN Homes,"Near Jakkur, Yelahanka, Bangalore",Parking Facility  Kitchen  CCTV Cameras  (+ 9 more),865
OYO 38662 Snt Comforts Lodge,"Majestic, Bangalore",Elevator  Complimentary Breakfast  AC  (+ 5 more),817
OYO 451 Goyal Residency,"Near Shiksha Infotech, Hosur Main Road, Bangalore",First Aid  Daily Housekeeping  Complimentary Breakfast  (+ 17 more),1330
OYO Townhouse 049 HSR Layout,"Near Kadalda Meen, Bangalore",Kitchen  First Aid  Attached Bathroom  (+ 11 more),3498
OYO 10435 Star Deluxe Lodge SPOT,"Near Dharmaraja Kovil Street, Banglore",Complimentary Veg Breakfast  Attached Bathroom  CCTV Cameras  (+ 7 more),811
OYO 29020 Vm Comfort,"Near KTM Showroom, Gandhi Nagar, Banglore",First Aid  Daily Housekeeping  Elevator  (+ 14 more),1006
OYO 44581 Prince Palace,"Below Subregister Office, Bangalore",Parking Facility  First Aid  Buzzer/Door Bell  (+ 11 more),796
OYO 35628 Krishna Comforts Saver,"Gokula 1st Stage, Yeshwanthpur,Bangalore",First Aid  CCTV Cameras  Fire-Extinguisher  (+ 9 more),685
OYO 12024 Sree Nandanam Residency,"Near LIC Building, Gokula, Bangalore",Elevator  AC  TV  (+ 5 more),781
SPOT ON 48301 Thirumala Boarding & Lodge SPOT,"Chikka Thirupati, Bangalore",Parking Facility  Banquet Hall  Attached Bathroom  (+ 5 more),436
OYO 4606 Hotel Maple Green Suites,"80 Feet Road, Bangalore",Parking Facility  CCTV Cameras  Geyser  (+ 7 more),1294
OYO Home 48137 Elite Stay Indira Nagar,"Defence Colony, Indira Nagar, Bangalore",Parking Facility  Functional Living Area  CCTV Cameras  (+ 8 more),1599
OYO 14980 Hotel Shubha Sai,"Near Bommasandra Industrial Area, Bangalore",Parking Facility  Kitchen  Complimentary Veg Breakfast  (+ 10 more),814
OYO 40714 Sathya Sree Restaurant And Lodge Classic,"Sira, Bangalore",Not Available,877
OYO 3159 Log-Inn,"Near Lawrence High School, HSR Layout, Bangalore",CCTV Cameras  Geyser  Electric Kettle  (+ 8 more),1347
SPOT ON 47801 S.g Comforts SPOT,"Near SBI Bank, Bangalore",Daily Housekeeping  Power backup  24/7 Checkin  (+ 4 more),597
OYO 19285 Uv Comforts,"Near I-Mart, Sahakar Nagar, Bengaluru",Kitchen  Complimentary Veg Breakfast  CCTV Cameras  (+ 9 more),1213
Capital O 23003 Shilton Royale,"Koramangala, Bangalore",First Aid  Daily Housekeeping  Conference Room  (+ 22 more),2481
OYO 3974 Hotel Bcp Royal Residency,"6th A Cross, Bangalore",Card Payment  Power backup  Free Wifi  (+ 4 more),1208
OYO 13596 Akshaya Residency,"Jayanthi Nagar, Horamavu, Bangalore",Kitchen  Complimentary Veg Breakfast  CCTV Cameras  (+ 9 more),865
OYO 42776 Royal King,"Mysore Road, Bangalore",Parking Facility  Attached Bathroom  Daily Housekeeping  (+ 7 more),811
SPOT ON 47215 Jp Hotel  SPOT,"Near Yeswanthpur, Bangalore",Attached Bathroom  Daily Housekeeping  CCTV Cameras  (+ 4 more),490
OYO 10293 Rajmahal Comforts,"Devasandra Circle, Bangalore",AC  TV  Card Payment  (+ 4 more),846
OYO 3778 Hotel Pulkeshi,"Near Gandhi Nagar Park, Gandhinagar, Banglore",Complimentary Veg Breakfast  CCTV Cameras  Geyser  (+ 7 more),1208
OYO 38144 Hotel Kingstone Palace,"Near Jaynagar RTO, Geetha Colony, Bangalore",Daily Housekeeping  Complimentary Breakfast  Elevator  (+ 15 more),1223
OYO 39719 Mallika Residency,"Near BWSSB, Pennya Industrial Area, Bengaluru",Attached Bathroom  Daily Housekeeping  CCTV Cameras  (+ 2 more),728
Palette - Solace Resorts & Spa,"Near Chintamani Road, Hoskote, Bangalore",First Aid  Daily Housekeeping  Conference Room  (+ 17 more),3755
OYO 18836 Orchid Suites,"Near International Airport, Byatarayanapura, Bangalore",Kitchen  CCTV Cameras  Geyser  (+ 8 more),811
Palette-SilverStar,"Near Freedom Park, Gandhi Nagar, Bangalore",Parking Facility  Kitchen  CCTV Cameras  (+ 5 more),2068
OYO 18880 Venus Comforts,"Near Karnataka bank, Jigni Link Road, Banglore",Parking Facility  AC  TV  (+ 5 more),1387
OYO 12985 Sabharwal Viceroy,"Minnerva Circle, Kalasipalya, Bangalore",Parking Facility  Kitchen  Complimentary Veg Breakfast  (+ 9 more),865
Collection O 36894 Golden Sands,"Sony world Signal Koramangala, Bangalore",Attached Bathroom  Card Payment  CCTV Cameras  (+ 2 more),1615
Palette- Gardeenia Comforts Suites,"Hosur Main Road, Bommasandra, Bangalore",Parking Facility  Kitchen  Bar  (+ 16 more),2166
Palette - Grand Seasons (The Business Hotel),"Kasturi Nagar, Bangalore",First Aid  Daily Housekeeping  Conference Room  (+ 14 more),2166
OYO 10291 Sri Venkatadri Residency,"Near Maha Bazar, Banglore",CCTV Cameras  Geyser  Complimentary Breakfast  (+ 6 more),846
OYO 1327 Inchara Hotel,"Near Sri Muneshwara Swamy Temple, Banglore",Bath Tub  Conference Room  Wheelchair Accessible  (+ 8 more),514
SPOT ON 36102 Akshara Regency SPOT,"Karnataka Soap And Detergent Factory, Bangalore",First Aid  Buzzer/Door Bell  Attached Bathroom  (+ 9 more),704
Palette - Npg Hotel,"Chikkajala, Bangalore",First Aid  Attached Bathroom  Daily Housekeeping  (+ 14 more),2166
Palette - Sakrebyle Elephant Camp Jungle Lodges,"Sakrebyle, Bangalore",Parking Facility  First Aid  Attached Bathroom  (+ 3 more),2484
Palette - Golden Metro,"Near Apollo Hospital, Bangalore",First Aid  Daily Housekeeping  Conference Room  (+ 18 more),2957
"Palette - Bannerghatta Nature Camp, Jungle Lodges","Bannerghatta, Bangalore",Complimentary Breakfast  Power backup  Reception  (+ 6 more),2777
Palette - Galibore Nature Camp Jlr,"Verrasandra, Bangalore",Attached Bathroom  Daily Housekeeping  CCTV Cameras  (+ 2 more),2782
Palette- UT Elegance,"Near National Market, Gandhi Nagar, Bangalore",Parking Facility  Bath Tub  Kitchen  (+ 11 more),2675
SPOT ON 39359 S R Comforts,"Near Kannan Kovil Temple, Shivaji Nagar, Bangalore",Not Available,1612
Palette - Sharavathi Adventure Camp Jungle Lodges,"Jog Falls, Bangalore",Parking Facility  Attached Bathroom  Refrigerator  (+ 4 more),4089
Palette - Radha Regent,"Near Wipro Gate, Bangalore",Daily Housekeeping  Conference Room  Swimming Pool  (+ 17 more),4430
Palette - Kanva Star Resort,"Near Mariyanapalya, Dasanapura Hobli,Bangalore",First Aid  Conference Room  Board Games  (+ 21 more),5918
Palette - Tulip Inn,"Extension, Bangalore",Not Available,5694
Palette - Holiday Palms,"Near Police Station Nelamangala, Bangalore",First Aid  Daily Housekeeping  Conference Room  (+ 16 more),5694
Palette - Sky Blue Orchid,"Kanakpura, Bangalore",First Aid  Voice enabled rooms  Daily Housekeeping  (+ 20 more),5568
Palette - Radha Homotel,"Phase 2, Brookefield, Bengaluru",Parking Facility  Bar  Attached Bathroom  (+ 15 more),4683
Palette - The River Tern Lodge Jungle Lodges Deluxe,"Lakkavalli, Bangalore",Parking Facility  Attached Bathroom  Daily Housekeeping  (+ 4 more),7382
Palette - Bheemeshwari Adventure And Nature Camp Jlr,"Muthathi, Bangalore",Attached Bathroom  Daily Housekeeping  CCTV Cameras  (+ 3 more),8266
Palette Resorts - Kabini River Lodge,"Kodagu, Bangalore",Complimentary Breakfast  Reception  Free Wifi  (+ 4 more),12188
SPOT ON 60680 Bharath Comforts SPOT,"Nelamangala, Bangalore",Buzzer/Door Bell  Attached Bathroom  CCTV Cameras  (+ 6 more),NA
OYO 49581 Hotel Prince Delight,"Kasturi Nagar, Bangalore",Attached Bathroom  Daily Housekeeping  CCTV Cameras  (+ 6 more),NA
OYO 13120 Ambrosia,"Green Garden layout, Munnekolla,Bangalore",Complimentary Veg Breakfast  CCTV Cameras  Geyser  (+ 5 more),NA
SPOT ON 47742 Midway City Inn SPOT,"Near Vidyaranyapura, Bangalore",First Aid  Attached Bathroom  Daily Housekeeping  (+ 6 more),NA
OYO 46682 New Andra House Saver,"Electronics City Phase 1, Bangalore",First Aid  Buzzer/Door Bell  Attached Bathroom  (+ 9 more),NA
OYO 11640 Hotel Aaira Inn Saver,"Banswadi Main Road, Bangalore",Parking Facility  CCTV Cameras  Geyser  (+ 5 more),NA
Collection O 40631 The Sahar Pavilion,"Near Srinivasa Nagar, Bangalore",First Aid  Daily Housekeeping  AC  (+ 15 more),NA
OYO 28285 Maruthi- Luxury Rooms,"Padmavati Kalyan Mantap, RR Nagar, Bangalore",Elevator  AC  TV  (+ 4 more),NA
OYO 10527 Varcity Golf View,"Domlur, Bangalore",Parking Facility  Elevator  Complimentary Breakfast  (+ 7 more),NA
OYO 35767 Dynasty Homes Saver,"Near GR Lavender Apartments, Bangalore",Buzzer/Door Bell  Attached Bathroom  Daily Housekeeping  (+ 7 more),NA
OYO Home 36524 Elegant Stay Hebbal,"Near Netajinagar, Hebbal Kempapura, Bangalore",Living Area  Kitchen  Spacious Dining Area  (+ 7 more),NA
OYO 48460 Fern Leaf Saver,"4th T Block, Jayanagar, Bangalore",First Aid  Attached Bathroom  Card Payment  (+ 5 more),NA
OYO 30882 Slv Regency,"Near Ammas Pastries, Yeshwanthpur, Bangalore",First Aid  Complimentary Veg Breakfast  Attached Bathroom  (+ 11 more),NA
OYO Home 45482 Exotic 1BHK Indiranagar,"2nd Stage, Indiranagar, Bangalore",Parking Facility  Kitchen  Functional Living Area  (+ 8 more),NA
OYO 4641 The Sangh Gunny,"Vijaya Bank Colony, Bannerghatta Road, Bangalore",Parking Facility  Complimentary Veg Breakfast  CCTV Cameras  (+ 7 more),NA
OYO Home 38632 Lavish Stay Banashankari,"Banashankari 3rd Stage, Bengaluru",Kitchen  Attached Bathroom  Daily Housekeeping  (+ 4 more),NA
OYO Home 38538 Luxurious Stay Rajajinagar,"3rd Block, Basaveshwara Nagar, Bangalore",Parking Facility  Kitchen  Attached Bathroom  (+ 10 more),NA
SilverKey Executive Stays 36673 Water ville Whitefield,"whitefield, Bangalore",First Aid  Daily Housekeeping  Swimming Pool  (+ 13 more),NA
Capital O 30115 Sasya Homes,"Near HSR BDA complex, Sector 6, Bangalore",Daily Housekeeping  Elevator  AC  (+ 17 more),NA
OYO Home 26785 Exotic Stay,"Near Garuda Mall, MG Road, Bangalore",Parking Facility  Bath Tub  Kitchen  (+ 12 more),NA
OYO Home 42241 Blissful Stay Yelhanka,"KHB Colony, Gandhinagar, Bangalore",Attached Bathroom  CCTV Cameras  Refrigerator  (+ 2 more),NA
OYO Home 42362 Serene Stay KR Puram Station,"Near Cambridge Institute of Technology, KR Puram, Bangalore",Parking Facility  First Aid  CCTV Cameras  (+ 4 more),NA
OYO Home 38627 Pleasant Stay Richmond Town,"Clapham Street, Richmond Town, Bengaluru",Kitchen  Attached Bathroom  Daily Housekeeping  (+ 8 more),NA
OYO Home 30604 Cosy Stay Sanjaynagar,"Om Sai Dham, Sidhi Vinayak Layout, Sanjay Nagar",Kitchen  CCTV Cameras  AC  (+ 3 more),NA
OYO Home 46060 Elegant Stay Mantri Square Mall,"4th Block, Seshadripuram, Bengaluru",Kitchen  Functional Living Area  Attached Bathroom  (+ 8 more),NA
OYO Home 48368 Enticing Stay Kalyan Nagar,"Near Balachandra Layout, Kalyan Nagar, Bangalore",DTH  Kitchen  Elevator  (+ 5 more),NA
OYO Home 44034 Blissful Stay JP Nagar,"Near Sri Vinayaka Theatre, JP Nagar, Bangalore",Kitchen  Attached Bathroom  Daily Housekeeping  (+ 4 more),NA
OYO Home 39498 Spacious Stay Electronic City,"Duo City Layout, Begur, Bengaluru",Attached Bathroom  Daily Housekeeping  CCTV Cameras  (+ 3 more),NA
OYO Home 37515 Elegant Stay Nagarbhavi,"Chandra Layout Extension II Stage, Nayanda Halli, Bengaluru",Kitchen  Attached Bathroom  Daily Housekeeping  (+ 5 more),NA
OYO Home 44180 Cosy Stay Banaswadi,"Near Sri Amruth Chitra Mandir, Bangalore",Kitchen  Functional Living Area  CCTV Cameras  (+ 5 more),NA
SPOT ON 45275 Hotel Tap Comforts SPOT,"Opposite Rangaswamy Temple, Bangalore",Attached Bathroom  Daily Housekeeping  CCTV Cameras  (+ 6 more),NA
OYO 40835 D S Residency,"Near 3rd Cross Road, Kodihalli",Complimentary Breakfast  Attached Bathroom  Daily Housekeeping  (+ 5 more),NA
OYO Home 42250 Cosy Stay Indiranagar,"5th Cross Rd, HAL 2nd Stage, Kodihalli, Bengaluru",RO  DTH  Kitchen  (+ 6 more),NA
OYO 15505 Royal Stay,"Near Phoenix Mall, Bangalore",Parking Facility  Kitchen  Complimentary Veg Breakfast  (+ 12 more),NA
OYO 7897 Status Suites,"Domlur, Bangalore",Elevator  Complimentary Breakfast  AC  (+ 7 more),NA
OYO Home 41402 Luxurious Villa Opp. HSR Club,"HSR Layout, Sector - 3, Bangalore",Kitchen  Buzzer/Door Bell  Functional Living Area  (+ 8 more),NA
SPOT ON 47475 New Sri Shanti Sagar Hotel  SPOT,"Near Kolar, Bangalore",Not Available,NA
OYO Townhouse 007 Indiranagar,"12th Main, Indiranagar, Bangalore",Conference Room  Complimentary Breakfast  Elevator  (+ 10 more),NA
OYO 45618 Bulande Comforts Saver,"Thanisandra, Bangalore",First Aid  Buzzer/Door Bell  Attached Bathroom  (+ 5 more),NA
OYO 43985 Prabha Suites,"Near Reddy Complex, Bangalore",Parking Facility  Attached Bathroom  Daily Housekeeping  (+ 7 more),NA
OYO 6593 West Fort Hotel,"Magadi Road, Bangalore",Parking Facility  CCTV Cameras  Conference Room  (+ 9 more),NA
